{
    "numcircuit": 11,
    "nameAlgorithm": "ghz",
    "averageQubits": 10.0,
    "nameSchedule": "NoTaDS",
    "typeMachine": {
        "fake_belem": 5,
        "fake_manila": 5
    },
    "average_turnaroundTime": 228705.45454545456,
    "average_responseTime": 208749.0909090909,
    "average_fidelity": 0.833974592107379,
    "sampling_overhead": 0.0,
    "average_throughput": 19956.363636363636,
    "average_utilization": 1.0,
    "scheduler_latency": 0.7813076972961426,
    "makespan": 439040.0
}