{
    "numcircuit": 11,
    "nameAlgorithm": "ghz",
    "averageQubits": 2.0,
    "nameSchedule": "NoTaDS",
    "typeMachine": {
        "fake_belem": 5,
        "fake_manila": 5
    },
    "average_turnaroundTime": 134.3181818181818,
    "average_responseTime": 54.31818181818182,
    "average_fidelity": 0.9880501811183965,
    "sampling_overhead": 0.0,
    "average_throughput": 21.818181818181817,
    "average_utilization": 0.36666666666666664,
    "scheduler_latency": 0.72599196434021,
    "makespan": 480.0
}