{
    "numcircuit": 11,
    "nameAlgorithm": "ghz",
    "averageQubits": 5.0,
    "nameSchedule": "NoTaDS",
    "typeMachine": {
        "fake_belem": 5,
        "fake_manila": 5
    },
    "average_turnaroundTime": 21024.136363636364,
    "average_responseTime": 18400.136363636364,
    "average_fidelity": 0.8632197706729041,
    "sampling_overhead": 0.0,
    "average_throughput": 1840.0,
    "average_utilization": 0.7704347826086957,
    "scheduler_latency": 0.7406091690063477,
    "makespan": 40480.0
}