{
    "numcircuit": 13,
    "nameAlgorithm": "ghz",
    "averageQubits": 10.0,
    "nameSchedule": "NoTaDS",
    "typeMachine": {
        "fake_belem": 5,
        "fake_manila": 5
    },
    "average_turnaroundTime": 252153.84615384616,
    "average_responseTime": 233734.15384615384,
    "average_fidelity": 0.8380318594803601,
    "sampling_overhead": 0.0,
    "average_throughput": 18419.69230769231,
    "average_utilization": 1.0,
    "scheduler_latency": 0.9178328514099121,
    "makespan": 478912.0
}