{
    "numcircuit": 13,
    "nameAlgorithm": "ghz",
    "averageQubits": 10.0,
    "nameSchedule": "NoTaDS",
    "typeMachine": {
        "fake_belem": 5,
        "fake_manila": 5
    },
    "average_turnaroundTime": 261276.3076923077,
    "average_responseTime": 242051.6923076923,
    "average_fidelity": 0.8368498335364534,
    "sampling_overhead": 0.0,
    "average_throughput": 19224.615384615383,
    "average_utilization": 1.0,
    "scheduler_latency": 0.7800211906433105,
    "makespan": 499840.0
}