{
    "numcircuit": 13,
    "nameAlgorithm": "ghz",
    "averageQubits": 2.0,
    "nameSchedule": "NoTaDS",
    "typeMachine": {
        "fake_belem": 5,
        "fake_manila": 5
    },
    "average_turnaroundTime": 151.57692307692307,
    "average_responseTime": 71.57692307692308,
    "average_fidelity": 0.9884861467313042,
    "sampling_overhead": 0.0,
    "average_throughput": 18.53846153846154,
    "average_utilization": 0.43153526970954365,
    "scheduler_latency": 0.7270543575286865,
    "makespan": 482.0
}