{
    "numcircuit": 13,
    "nameAlgorithm": "ghz",
    "averageQubits": 3.0,
    "nameSchedule": "NoTaDS",
    "typeMachine": {
        "fake_belem": 5,
        "fake_manila": 5
    },
    "average_turnaroundTime": 4720.846153846154,
    "average_responseTime": 3936.846153846154,
    "average_fidelity": 0.9507477323106269,
    "sampling_overhead": 0.0,
    "average_throughput": 379.0769230769231,
    "average_utilization": 0.785064935064935,
    "scheduler_latency": 0.7227332592010498,
    "makespan": 9856.0
}