{
    "numcircuit": 13,
    "nameAlgorithm": "ghz",
    "averageQubits": 4.0,
    "nameSchedule": "NoTaDS",
    "typeMachine": {
        "fake_belem": 5,
        "fake_manila": 5
    },
    "average_turnaroundTime": 10404.692307692309,
    "average_responseTime": 8916.692307692309,
    "average_fidelity": 0.9542596917839071,
    "sampling_overhead": 0.0,
    "average_throughput": 771.7692307692307,
    "average_utilization": 0.7712149905312469,
    "scheduler_latency": 0.7485904693603516,
    "makespan": 20066.0
}