{
    "numcircuit": 14,
    "nameAlgorithm": "ghz",
    "averageQubits": 3.0,
    "nameSchedule": "NoTaDS",
    "typeMachine": {
        "fake_belem": 5,
        "fake_manila": 5
    },
    "average_turnaroundTime": 5048.892857142857,
    "average_responseTime": 4264.892857142857,
    "average_fidelity": 0.9518815666118767,
    "sampling_overhead": 0.0,
    "average_throughput": 352.10714285714283,
    "average_utilization": 0.8451972816715692,
    "scheduler_latency": 0.959277868270874,
    "makespan": 9859.0
}