{
    "numcircuit": 14,
    "nameAlgorithm": "ghz",
    "averageQubits": 4.0,
    "nameSchedule": "NoTaDS",
    "typeMachine": {
        "fake_belem": 5,
        "fake_manila": 5
    },
    "average_turnaroundTime": 11148.357142857143,
    "average_responseTime": 9660.357142857143,
    "average_fidelity": 0.9555368229608001,
    "sampling_overhead": 0.0,
    "average_throughput": 771.4285714285714,
    "average_utilization": 0.7715555555555556,
    "scheduler_latency": 0.7780427932739258,
    "makespan": 21600.0
}