{
    "numcircuit": 14,
    "nameAlgorithm": "ghz",
    "averageQubits": 5.0,
    "nameSchedule": "NoTaDS",
    "typeMachine": {
        "fake_belem": 5,
        "fake_manila": 5
    },
    "average_turnaroundTime": 26544.10714285714,
    "average_responseTime": 23920.10714285714,
    "average_fidelity": 0.8616152215955768,
    "sampling_overhead": 0.0,
    "average_throughput": 1840.0,
    "average_utilization": 0.7704347826086957,
    "scheduler_latency": 0.7712643146514893,
    "makespan": 51520.0
}