{
    "numcircuit": 15,
    "nameAlgorithm": "ghz",
    "averageQubits": 3.0,
    "nameSchedule": "NoTaDS",
    "typeMachine": {
        "fake_belem": 5,
        "fake_manila": 5
    },
    "average_turnaroundTime": 5421.633333333333,
    "average_responseTime": 4637.633333333333,
    "average_fidelity": 0.9475688630238324,
    "sampling_overhead": 0.0,
    "average_throughput": 375.46666666666664,
    "average_utilization": 0.7926136363636364,
    "scheduler_latency": 0.9939191341400146,
    "makespan": 11264.0
}