{
    "numcircuit": 17,
    "nameAlgorithm": "ghz",
    "averageQubits": 10.0,
    "nameSchedule": "NoTaDS",
    "typeMachine": {
        "fake_belem": 5,
        "fake_manila": 5
    },
    "average_turnaroundTime": 337196.23529411765,
    "average_responseTime": 318303.0588235294,
    "average_fidelity": 0.8378615944760925,
    "sampling_overhead": 0.0,
    "average_throughput": 18893.176470588234,
    "average_utilization": 1.0,
    "scheduler_latency": 1.196305274963379,
    "makespan": 642368.0
}