{
    "numcircuit": 17,
    "nameAlgorithm": "ghz",
    "averageQubits": 3.0,
    "nameSchedule": "NoTaDS",
    "typeMachine": {
        "fake_belem": 5,
        "fake_manila": 5
    },
    "average_turnaroundTime": 6123.176470588235,
    "average_responseTime": 5339.176470588235,
    "average_fidelity": 0.9485583712367845,
    "sampling_overhead": 0.0,
    "average_throughput": 372.70588235294116,
    "average_utilization": 0.7984848484848485,
    "scheduler_latency": 0.8853051662445068,
    "makespan": 12672.0
}