{
    "numcircuit": 17,
    "nameAlgorithm": "ghz",
    "averageQubits": 5.0,
    "nameSchedule": "NoTaDS",
    "typeMachine": {
        "fake_belem": 5,
        "fake_manila": 5
    },
    "average_turnaroundTime": 32064.08823529412,
    "average_responseTime": 29440.08823529412,
    "average_fidelity": 0.8597185230966996,
    "sampling_overhead": 0.0,
    "average_throughput": 1840.0,
    "average_utilization": 0.7704347826086957,
    "scheduler_latency": 0.8881752490997314,
    "makespan": 62560.0
}