{
    "numcircuit": 18,
    "nameAlgorithm": "ghz",
    "averageQubits": 2.0,
    "nameSchedule": "NoTaDS",
    "typeMachine": {
        "fake_belem": 5,
        "fake_manila": 5
    },
    "average_turnaroundTime": 191.83333333333334,
    "average_responseTime": 111.83333333333333,
    "average_fidelity": 0.9890879716076447,
    "sampling_overhead": 0.0,
    "average_throughput": 17.833333333333332,
    "average_utilization": 0.44859813084112143,
    "scheduler_latency": 0.8632156848907471,
    "makespan": 642.0
}