{
    "numcircuit": 18,
    "nameAlgorithm": "ghz",
    "averageQubits": 5.0,
    "nameSchedule": "NoTaDS",
    "typeMachine": {
        "fake_belem": 5,
        "fake_manila": 5
    },
    "average_turnaroundTime": 33904.083333333336,
    "average_responseTime": 31280.083333333332,
    "average_fidelity": 0.8586451361061298,
    "sampling_overhead": 0.0,
    "average_throughput": 1840.0,
    "average_utilization": 0.7704347826086957,
    "scheduler_latency": 0.9104299545288086,
    "makespan": 66240.0
}