{
    "numcircuit": 18,
    "nameAlgorithm": "ghz",
    "averageQubits": 9.0,
    "nameSchedule": "NoTaDS",
    "typeMachine": {
        "fake_belem": 5,
        "fake_manila": 5
    },
    "average_turnaroundTime": 113333.33333333333,
    "average_responseTime": 100801.77777777778,
    "average_fidelity": 0.8721189434906732,
    "sampling_overhead": 0.0,
    "average_throughput": 9731.555555555555,
    "average_utilization": 0.9,
    "scheduler_latency": 0.9492316246032715,
    "makespan": 350336.0
}