{
    "numcircuit": 19,
    "nameAlgorithm": "ghz",
    "averageQubits": 4.0,
    "nameSchedule": "NoTaDS",
    "typeMachine": {
        "fake_belem": 5,
        "fake_manila": 5
    },
    "average_turnaroundTime": 14859.947368421053,
    "average_responseTime": 13371.947368421053,
    "average_fidelity": 0.9546133737067541,
    "sampling_overhead": 0.0,
    "average_throughput": 763.0,
    "average_utilization": 0.7800786369593709,
    "scheduler_latency": 1.2672312259674072,
    "makespan": 28994.0
}