{
    "numcircuit": 19,
    "nameAlgorithm": "ghz",
    "averageQubits": 5.0,
    "nameSchedule": "NoTaDS",
    "typeMachine": {
        "fake_belem": 5,
        "fake_manila": 5
    },
    "average_turnaroundTime": 35744.07894736842,
    "average_responseTime": 33120.07894736842,
    "average_fidelity": 0.8593982971172635,
    "sampling_overhead": 0.0,
    "average_throughput": 1840.0,
    "average_utilization": 0.7704347826086957,
    "scheduler_latency": 0.9632706642150879,
    "makespan": 69920.0
}