{
    "numcircuit": 3,
    "nameAlgorithm": "ghz",
    "averageQubits": 7.0,
    "nameSchedule": "NoTaDS",
    "typeMachine": {
        "fake_belem": 5,
        "fake_manila": 5
    },
    "average_turnaroundTime": 47957.333333333336,
    "average_responseTime": 35280.0,
    "average_fidelity": 0.901267285738297,
    "sampling_overhead": 27.0,
    "average_throughput": 12677.333333333334,
    "average_utilization": 0.7565839293226756,
    "scheduler_latency": 0.3673584461212158,
    "makespan": 76064.0
}