{
    "numcircuit": 3,
    "nameAlgorithm": "ghz",
    "averageQubits": 8.0,
    "nameSchedule": "NoTaDS",
    "typeMachine": {
        "fake_belem": 5,
        "fake_manila": 5
    },
    "average_turnaroundTime": 72965.33333333333,
    "average_responseTime": 53114.666666666664,
    "average_fidelity": 0.8564424477189014,
    "sampling_overhead": 27.0,
    "average_throughput": 19850.666666666668,
    "average_utilization": 0.8,
    "scheduler_latency": 0.36859989166259766,
    "makespan": 119104.0
}