{
    "numcircuit": 7,
    "nameAlgorithm": "ghz",
    "averageQubits": 10.0,
    "nameSchedule": "NoTaDS",
    "typeMachine": {
        "fake_belem": 5,
        "fake_manila": 5
    },
    "average_turnaroundTime": 133433.14285714287,
    "average_responseTime": 115243.42857142857,
    "average_fidelity": 0.8385708291392971,
    "sampling_overhead": 0.0,
    "average_throughput": 18189.714285714286,
    "average_utilization": 1.0,
    "scheduler_latency": 0.48162269592285156,
    "makespan": 254656.0
}