{
    "numcircuit": 7,
    "nameAlgorithm": "ghz",
    "averageQubits": 5.0,
    "nameSchedule": "NoTaDS",
    "typeMachine": {
        "fake_belem": 5,
        "fake_manila": 5
    },
    "average_turnaroundTime": 13664.214285714286,
    "average_responseTime": 11040.214285714286,
    "average_fidelity": 0.8638954387554298,
    "sampling_overhead": 0.0,
    "average_throughput": 1840.0,
    "average_utilization": 0.7704347826086957,
    "scheduler_latency": 0.45482826232910156,
    "makespan": 25760.0
}