{
    "numcircuit": 9,
    "nameAlgorithm": "ghz",
    "averageQubits": 2.0,
    "nameSchedule": "NoTaDS",
    "typeMachine": {
        "fake_belem": 5,
        "fake_manila": 5
    },
    "average_turnaroundTime": 118.44444444444444,
    "average_responseTime": 38.44444444444444,
    "average_fidelity": 0.9880763423155243,
    "sampling_overhead": 0.0,
    "average_throughput": 17.944444444444443,
    "average_utilization": 0.4458204334365325,
    "scheduler_latency": 0.6030607223510742,
    "makespan": 323.0
}