{
    "numcircuit": 6,
    "nameAlgorithm": "ghz",
    "averageQubits": 9.0,
    "nameSchedule": "NoTODS",
    "typeMachine": {
        "fake_belem": 5,
        "fake_manila": 5
    },
    "average_turnaroundTime": 40469.333333333336,
    "average_responseTime": 28906.666666666668,
    "average_fidelity": 0.871021635020409,
    "sampling_overhead": 54.0,
    "average_throughput": 8762.666666666666,
    "average_utilization": 0.9,
    "time_generation": 0.1352691650390625,
    "makespan": 105152.0
}