{
    "numcircuit": 7,
    "nameAlgorithm": "ghz",
    "averageQubits": 10.0,
    "nameSchedule": "NoTODS",
    "typeMachine": {
        "fake_belem": 5,
        "fake_manila": 5
    },
    "average_turnaroundTime": 156354.2857142857,
    "average_responseTime": 136171.42857142858,
    "average_fidelity": 0.8361245152171692,
    "sampling_overhead": 63.0,
    "average_throughput": 20182.85714285714,
    "average_utilization": 1.0,
    "time_generation": 0.1672358512878418,
    "makespan": 282560.0
}