{
    "numcircuit": 7,
    "nameAlgorithm": "ghz",
    "averageQubits": 9.0,
    "nameSchedule": "NoTODS",
    "typeMachine": {
        "fake_belem": 5,
        "fake_manila": 5
    },
    "average_turnaroundTime": 48077.71428571428,
    "average_responseTime": 36182.857142857145,
    "average_fidelity": 0.8689211804576135,
    "sampling_overhead": 63.0,
    "average_throughput": 9094.857142857143,
    "average_utilization": 0.9,
    "time_generation": 0.1585249900817871,
    "makespan": 127328.0
}