{
    "numcircuit": 9,
    "nameAlgorithm": "ghz",
    "averageQubits": 9.0,
    "nameSchedule": "NoTODS",
    "typeMachine": {
        "fake_belem": 5,
        "fake_manila": 5
    },
    "average_turnaroundTime": 62076.444444444445,
    "average_responseTime": 50126.22222222222,
    "average_fidelity": 0.8676478022442476,
    "sampling_overhead": 81.0,
    "average_throughput": 9150.222222222223,
    "average_utilization": 0.9,
    "time_generation": 0.20715093612670898,
    "makespan": 164704.0
}