{
    "numcircuit": 3,
    "nameAlgorithm": "ghz",
    "averageQubits": 6.0,
    "nameSchedule": "MILQ_extend",
    "typeMachine": {
        "fake_belem": 5,
        "fake_manila": 5
    },
    "average_turnaroundTime": 14.166666666666666,
    "average_responseTime": 2.8333333333333335,
    "average_fidelity": 0.9135690532803729,
    "sampling_overhead": 27.0,
    "average_throughput": 4.333333333333333,
    "average_utilization": 0.9384615384615385,
    "time_generation": 246.08985924720764,
    "makespan": 26.0
}