{
    "numcircuit": 3,
    "nameAlgorithm": "ghz",
    "averageQubits": 5.0,
    "nameSchedule": "FFD",
    "typeMachine": {
        "fake_belem": 5,
        "fake_manila": 5
    },
    "average_turnaroundTime": 66.66666666666667,
    "average_responseTime": 16.666666666666668,
    "average_fidelity": 0.7814332678099767,
    "sampling_overhead": 0.0,
    "average_throughput": 33.333333333333336,
    "average_utilization": 1.0,
    "time_generation": 0.0003008842468261719,
    "makespan": 100.0
}