{
    "numcircuit": 3,
    "nameAlgorithm": "ghz",
    "averageQubits": 6.0,
    "nameSchedule": "FFD",
    "typeMachine": {
        "fake_belem": 5,
        "fake_manila": 5
    },
    "average_turnaroundTime": 63.333333333333336,
    "average_responseTime": 33.333333333333336,
    "average_fidelity": 0.9190919922958858,
    "sampling_overhead": 27.0,
    "average_throughput": 16.666666666666668,
    "average_utilization": 0.9666666666666668,
    "time_generation": 0.00037288665771484375,
    "makespan": 100.0
}