{
    "numcircuit": 3,
    "nameAlgorithm": "ghz",
    "averageQubits": 8.0,
    "nameSchedule": "FFD",
    "typeMachine": {
        "fake_belem": 5,
        "fake_manila": 5
    },
    "average_turnaroundTime": 86.66666666666667,
    "average_responseTime": 46.666666666666664,
    "average_fidelity": 0.8842733385510072,
    "sampling_overhead": 27.0,
    "average_throughput": 21.666666666666668,
    "average_utilization": 0.8447552447552447,
    "time_generation": 0.0004112720489501953,
    "makespan": 130.0
}