{
    "numcircuit": 3,
    "nameAlgorithm": "ghz",
    "averageQubits": 9.0,
    "nameSchedule": "FFD",
    "typeMachine": {
        "fake_belem": 5,
        "fake_manila": 5
    },
    "average_turnaroundTime": 93.33333333333333,
    "average_responseTime": 48.333333333333336,
    "average_fidelity": 0.8620023049034736,
    "sampling_overhead": 27.0,
    "average_throughput": 23.333333333333332,
    "average_utilization": 0.9098901098901099,
    "time_generation": 0.0004088878631591797,
    "makespan": 140.0
}