{
    "numcircuit": 6,
    "nameAlgorithm": "ghz",
    "averageQubits": 7.0,
    "nameSchedule": "FFD",
    "typeMachine": {
        "fake_belem": 5,
        "fake_manila": 5
    },
    "average_turnaroundTime": 138.33333333333334,
    "average_responseTime": 103.33333333333333,
    "average_fidelity": 0.9031256698917515,
    "sampling_overhead": 54.0,
    "average_throughput": 15.833333333333334,
    "average_utilization": 0.9671826625386997,
    "time_generation": 0.0010361671447753906,
    "makespan": 190.0
}