{
    "numcircuit": 7,
    "nameAlgorithm": "ghz",
    "averageQubits": 4.0,
    "nameSchedule": "FFD",
    "typeMachine": {
        "fake_belem": 5,
        "fake_manila": 5
    },
    "average_turnaroundTime": 91.42857142857143,
    "average_responseTime": 51.42857142857143,
    "average_fidelity": 0.8203036626422577,
    "sampling_overhead": 0.0,
    "average_throughput": 22.857142857142858,
    "average_utilization": 0.8,
    "time_generation": 0.0004127025604248047,
    "makespan": 160.0
}