{
    "numcircuit": 7,
    "nameAlgorithm": "ghz",
    "averageQubits": 6.0,
    "nameSchedule": "FFD",
    "typeMachine": {
        "fake_belem": 5,
        "fake_manila": 5
    },
    "average_turnaroundTime": 138.57142857142858,
    "average_responseTime": 108.57142857142857,
    "average_fidelity": 0.9178353150217307,
    "sampling_overhead": 63.0,
    "average_throughput": 14.285714285714286,
    "average_utilization": 0.9823529411764707,
    "time_generation": 0.0013380050659179688,
    "makespan": 200.0
}