{
    "numcircuit": 7,
    "nameAlgorithm": "ghz",
    "averageQubits": 7.0,
    "nameSchedule": "FFD",
    "typeMachine": {
        "fake_belem": 5,
        "fake_manila": 5
    },
    "average_turnaroundTime": 154.28571428571428,
    "average_responseTime": 119.28571428571429,
    "average_fidelity": 0.9045757023325042,
    "sampling_overhead": 63.0,
    "average_throughput": 15.714285714285714,
    "average_utilization": 0.9441558441558442,
    "time_generation": 0.0015459060668945312,
    "makespan": 220.0
}