{
    "numcircuit": 7,
    "nameAlgorithm": "ghz",
    "averageQubits": 9.0,
    "nameSchedule": "FFD",
    "typeMachine": {
        "fake_belem": 5,
        "fake_manila": 5
    },
    "average_turnaroundTime": 188.57142857142858,
    "average_responseTime": 143.57142857142858,
    "average_fidelity": 0.8559886402378097,
    "sampling_overhead": 63.0,
    "average_throughput": 22.857142857142858,
    "average_utilization": 0.9108870967741935,
    "time_generation": 0.0017213821411132812,
    "makespan": 320.0
}