{
    "numcircuit": 9,
    "nameAlgorithm": "ghz",
    "averageQubits": 2.0,
    "nameSchedule": "FFD",
    "typeMachine": {
        "fake_belem": 5,
        "fake_manila": 5
    },
    "average_turnaroundTime": 33.333333333333336,
    "average_responseTime": 13.333333333333334,
    "average_fidelity": 0.9272460093183934,
    "sampling_overhead": 0.0,
    "average_throughput": 6.666666666666667,
    "average_utilization": 0.7333333333333333,
    "time_generation": 0.0004425048828125,
    "makespan": 60.0
}