{
    "numcircuit": 9,
    "nameAlgorithm": "ghz",
    "averageQubits": 3.0,
    "nameSchedule": "FFD",
    "typeMachine": {
        "fake_belem": 5,
        "fake_manila": 5
    },
    "average_turnaroundTime": 83.33333333333333,
    "average_responseTime": 53.333333333333336,
    "average_fidelity": 0.8646024537531742,
    "sampling_overhead": 0.0,
    "average_throughput": 16.666666666666668,
    "average_utilization": 0.6,
    "time_generation": 0.0006649494171142578,
    "makespan": 150.0
}