{
    "numcircuit": 9,
    "nameAlgorithm": "ghz",
    "averageQubits": 5.0,
    "nameSchedule": "FFD",
    "typeMachine": {
        "fake_belem": 5,
        "fake_manila": 5
    },
    "average_turnaroundTime": 138.88888888888889,
    "average_responseTime": 88.88888888888889,
    "average_fidelity": 0.7765930366491074,
    "sampling_overhead": 0.0,
    "average_throughput": 27.77777777777778,
    "average_utilization": 1.0,
    "time_generation": 0.0007741451263427734,
    "makespan": 250.0
}