{
    "numcircuit": 9,
    "nameAlgorithm": "ghz",
    "averageQubits": 9.0,
    "nameSchedule": "FFD",
    "typeMachine": {
        "fake_belem": 5,
        "fake_manila": 5
    },
    "average_turnaroundTime": 236.11111111111111,
    "average_responseTime": 191.11111111111111,
    "average_fidelity": 0.8668493717641274,
    "sampling_overhead": 81.0,
    "average_throughput": 22.77777777777778,
    "average_utilization": 0.9109756097560975,
    "time_generation": 0.003167867660522461,
    "makespan": 410.0
}