{
    "numcircuit": 6,
    "nameAlgorithm": "ghz",
    "averageQubits": 9.0,
    "nameSchedule": "NoTODS",
    "typeMachine": {
        "fake_belem": 5,
        "fake_manila": 5
    },
    "average_turnaroundTime": 37562.666666666664,
    "average_responseTime": 26581.333333333332,
    "average_fidelity": 0.875096664304426,
    "sampling_overhead": 54.0,
    "average_throughput": 8181.333333333333,
    "average_utilization": 0.9,
    "time_generation": 0.19883990287780762,
    "makespan": 98176.0
}