{
    "numcircuit": 7,
    "nameAlgorithm": "ghz",
    "averageQubits": 2.0,
    "nameSchedule": "NoTODS",
    "typeMachine": {
        "fake_belem": 5,
        "fake_manila": 5
    },
    "average_turnaroundTime": 105.14285714285714,
    "average_responseTime": 25.142857142857142,
    "average_fidelity": 0.9879249818609515,
    "sampling_overhead": 63.0,
    "average_throughput": 22.928571428571427,
    "average_utilization": 0.34890965732087226,
    "time_generation": 0.17519164085388184,
    "makespan": 321.0
}