{
    "numcircuit": 9,
    "nameAlgorithm": "ghz",
    "averageQubits": 10.0,
    "nameSchedule": "NoTODS",
    "typeMachine": {
        "fake_belem": 5,
        "fake_manila": 5
    },
    "average_turnaroundTime": 180830.22222222222,
    "average_responseTime": 161754.66666666666,
    "average_fidelity": 0.8367288786389758,
    "sampling_overhead": 81.0,
    "average_throughput": 19075.555555555555,
    "average_utilization": 1.0,
    "time_generation": 0.2775609493255615,
    "makespan": 343360.0
}