{
    "numcircuit": 9,
    "nameAlgorithm": "ghz",
    "averageQubits": 5.0,
    "nameSchedule": "NoTODS",
    "typeMachine": {
        "fake_belem": 5,
        "fake_manila": 5
    },
    "average_turnaroundTime": 17344.166666666668,
    "average_responseTime": 14720.166666666666,
    "average_fidelity": 0.9109191780771498,
    "sampling_overhead": 81.0,
    "average_throughput": 1840.0,
    "average_utilization": 0.7704347826086957,
    "time_generation": 0.2380969524383545,
    "makespan": 33120.0
}