{
    "numcircuit": 3,
    "nameAlgorithm": "ghz",
    "averageQubits": 3.0,
    "nameSchedule": "NoTODS",
    "typeMachine": {
        "fake_belem": 5,
        "fake_manila": 5
    },
    "average_turnaroundTime": 1281.1666666666667,
    "average_responseTime": 497.1666666666667,
    "average_fidelity": 0.9776266530631591,
    "sampling_overhead": 27.0,
    "average_throughput": 0.002130681818181818,
    "average_utilization": 0.634090909090909,
    "time_generation": 0.06516218185424805,
    "makespan": 2816.0
}