{
    "numcircuit": 10,
    "nameAlgorithm": "ghz",
    "averageQubits": 5.0,
    "nameSchedule": "MILQ",
    "typeMachine": {
        "fake_belem": 5,
        "fake_manila": 5
    },
    "average_turnaroundTime": 83036.64790720001,
    "average_responseTime": 70569.4479072,
    "average_fidelity": 0.7831559708841695,
    "sampling_overhead": 0.0,
    "average_throughput": 13376.383100000001,
    "average_utilization": 0.5214416405488288,
    "scheduler_latency": 0.3052499294281006,
    "makespan": 133763.831
}