{
    "numcircuit": 10,
    "nameAlgorithm": "ghz",
    "averageQubits": 5.0,
    "nameSchedule": "MILQ",
    "typeMachine": {
        "fake_belem": 5,
        "fake_manila": 5
    },
    "average_turnaroundTime": 24524.508604,
    "average_responseTime": 14406.108604,
    "average_fidelity": 0.7929961601790927,
    "sampling_overhead": 0.0,
    "average_throughput": 4827.033072,
    "average_utilization": 1.2030883913792372,
    "scheduler_latency": 0.24921250343322754,
    "makespan": 48270.33072
}