{
    "numcircuit": 10,
    "nameAlgorithm": "ghz",
    "averageQubits": 9.0,
    "nameSchedule": "MILQ",
    "typeMachine": {
        "fake_belem": 5,
        "fake_manila": 5
    },
    "average_turnaroundTime": 79285.2812500495,
    "average_responseTime": 65437.28125004951,
    "average_fidelity": 0.8611426537539437,
    "sampling_overhead": 90.0,
    "average_throughput": 11150.443750004499,
    "average_utilization": 0.9010725892884903,
    "scheduler_latency": 6.5069215297698975,
    "makespan": 223008.87500009
}