{
    "numcircuit": 10,
    "nameAlgorithm": "ghz",
    "averageQubits": 9.0,
    "nameSchedule": "MILQ",
    "typeMachine": {
        "fake_belem": 5,
        "fake_manila": 5
    },
    "average_turnaroundTime": 39893167.55,
    "average_responseTime": 39881615.55,
    "average_fidelity": 0.8634159820211504,
    "sampling_overhead": 90.0,
    "average_throughput": 2098195.75,
    "average_utilization": 0.0025479581549544272,
    "scheduler_latency": 4.005681037902832,
    "makespan": 41963915.0
}