{
    "numcircuit": 11,
    "nameAlgorithm": "ghz",
    "averageQubits": 10.0,
    "nameSchedule": "MILQ",
    "typeMachine": {
        "fake_belem": 5,
        "fake_manila": 5
    },
    "average_turnaroundTime": 99443.13239090909,
    "average_responseTime": 86064.22330000001,
    "average_fidelity": 0.8437784499350768,
    "sampling_overhead": 99.0,
    "average_throughput": 10567.272727272728,
    "average_utilization": 0.7701142542771467,
    "scheduler_latency": 13.62382960319519,
    "makespan": 232480.0
}