{
    "numcircuit": 11,
    "nameAlgorithm": "ghz",
    "averageQubits": 10.0,
    "nameSchedule": "MILQ",
    "typeMachine": {
        "fake_belem": 5,
        "fake_manila": 5
    },
    "average_turnaroundTime": 65713.22148781818,
    "average_responseTime": 54556.85785145455,
    "average_fidelity": 0.8386701957987512,
    "sampling_overhead": 99.0,
    "average_throughput": 6782.772725909091,
    "average_utilization": 1.0010008012143454,
    "scheduler_latency": 2.2498793601989746,
    "makespan": 149220.99997
}