{
    "numcircuit": 11,
    "nameAlgorithm": "ghz",
    "averageQubits": 4.0,
    "nameSchedule": "MILQ",
    "typeMachine": {
        "fake_belem": 5,
        "fake_manila": 5
    },
    "average_turnaroundTime": 35242.545770000004,
    "average_responseTime": 23376.36395181818,
    "average_fidelity": 0.8152067407581015,
    "sampling_overhead": 0.0,
    "average_throughput": 8813.090946,
    "average_utilization": 0.799672244588189,
    "scheduler_latency": 0.4802675247192383,
    "makespan": 96944.000406
}