{
    "numcircuit": 11,
    "nameAlgorithm": "ghz",
    "averageQubits": 5.0,
    "nameSchedule": "MILQ",
    "typeMachine": {
        "fake_belem": 5,
        "fake_manila": 5
    },
    "average_turnaroundTime": 45035.850954545465,
    "average_responseTime": 31686.032772727274,
    "average_fidelity": 0.7826439365399204,
    "sampling_overhead": 0.0,
    "average_throughput": 10104.186568181818,
    "average_utilization": 1.0216565553677524,
    "scheduler_latency": 0.30269718170166016,
    "makespan": 111146.05225000001
}