{
    "numcircuit": 11,
    "nameAlgorithm": "ghz",
    "averageQubits": 6.0,
    "nameSchedule": "MILQ",
    "typeMachine": {
        "fake_belem": 5,
        "fake_manila": 5
    },
    "average_turnaroundTime": 39156.36363636364,
    "average_responseTime": 33902.545454545456,
    "average_fidelity": 0.9062516263707232,
    "sampling_overhead": 99.0,
    "average_throughput": 2714.181818181818,
    "average_utilization": 0.9959675908228963,
    "scheduler_latency": 3.3818886280059814,
    "makespan": 59712.0
}