{
    "numcircuit": 11,
    "nameAlgorithm": "ghz",
    "averageQubits": 8.0,
    "nameSchedule": "MILQ",
    "typeMachine": {
        "fake_belem": 5,
        "fake_manila": 5
    },
    "average_turnaroundTime": 43482.181818181816,
    "average_responseTime": 36251.63636363636,
    "average_fidelity": 0.8765043817434305,
    "sampling_overhead": 99.0,
    "average_throughput": 3890.909090909091,
    "average_utilization": 0.8705763131329578,
    "scheduler_latency": 3.2521169185638428,
    "makespan": 85600.0
}