{
    "numcircuit": 11,
    "nameAlgorithm": "ghz",
    "averageQubits": 8.0,
    "nameSchedule": "MILQ",
    "typeMachine": {
        "fake_belem": 5,
        "fake_manila": 5
    },
    "average_turnaroundTime": 13935795.54909091,
    "average_responseTime": 13926159.185454547,
    "average_fidelity": 0.8857270818328538,
    "sampling_overhead": 99.0,
    "average_throughput": 2783448.590909091,
    "average_utilization": 0.0015727453854037662,
    "scheduler_latency": 6.121970891952515,
    "makespan": 61235869.0
}