{
    "numcircuit": 11,
    "nameAlgorithm": "ghz",
    "averageQubits": 9.0,
    "nameSchedule": "MILQ",
    "typeMachine": {
        "fake_belem": 5,
        "fake_manila": 5
    },
    "average_turnaroundTime": 457418978.9938343,
    "average_responseTime": 457405642.26656157,
    "average_fidelity": 0.8660085756065715,
    "sampling_overhead": 99.0,
    "average_throughput": 30715681.636363637,
    "average_utilization": 0.00019881673051811346,
    "scheduler_latency": 4.799623489379883,
    "makespan": 675744996.0
}