{
    "numcircuit": 12,
    "nameAlgorithm": "ghz",
    "averageQubits": 10.0,
    "nameSchedule": "MILQ",
    "typeMachine": {
        "fake_belem": 5,
        "fake_manila": 5
    },
    "average_turnaroundTime": 216929.65311979165,
    "average_responseTime": 204166.98645312502,
    "average_fidelity": 0.8319789506962765,
    "sampling_overhead": 108.0,
    "average_throughput": 55509.987499999996,
    "average_utilization": 0.1456040408127886,
    "scheduler_latency": 14.892414569854736,
    "makespan": 1332239.7
}