{
    "numcircuit": 12,
    "nameAlgorithm": "ghz",
    "averageQubits": 3.0,
    "nameSchedule": "MILQ",
    "typeMachine": {
        "fake_belem": 5,
        "fake_manila": 5
    },
    "average_turnaroundTime": 15859.333601166667,
    "average_responseTime": 11326.000267833333,
    "average_fidelity": 0.8565823553627703,
    "sampling_overhead": 0.0,
    "average_throughput": 2294.916697666667,
    "average_utilization": 0.599574742403911,
    "scheduler_latency": 0.42646312713623047,
    "makespan": 27539.000372000002
}