{
    "numcircuit": 12,
    "nameAlgorithm": "ghz",
    "averageQubits": 3.0,
    "nameSchedule": "MILQ",
    "typeMachine": {
        "fake_belem": 5,
        "fake_manila": 5
    },
    "average_turnaroundTime": 17659.538678999994,
    "average_responseTime": 12848.872012333331,
    "average_fidelity": 0.8682633323045963,
    "sampling_overhead": 0.0,
    "average_throughput": 3212.005501583333,
    "average_utilization": 0.5995939605062535,
    "scheduler_latency": 0.49373674392700195,
    "makespan": 38544.066019
}