{
    "numcircuit": 12,
    "nameAlgorithm": "ghz",
    "averageQubits": 4.0,
    "nameSchedule": "MILQ",
    "typeMachine": {
        "fake_belem": 5,
        "fake_manila": 5
    },
    "average_turnaroundTime": 5463609.5824914975,
    "average_responseTime": 5453428.249158164,
    "average_fidelity": 0.809664812223307,
    "sampling_overhead": 0.0,
    "average_throughput": 58020232.5,
    "average_utilization": 9.848517110381111e-05,
    "scheduler_latency": 0.9123477935791016,
    "makespan": 696242790.0
}