{
    "numcircuit": 12,
    "nameAlgorithm": "ghz",
    "averageQubits": 5.0,
    "nameSchedule": "MILQ",
    "typeMachine": {
        "fake_belem": 5,
        "fake_manila": 5
    },
    "average_turnaroundTime": 49797.39295190334,
    "average_responseTime": 35818.72628523666,
    "average_fidelity": 0.7884142947868856,
    "sampling_overhead": 0.0,
    "average_throughput": 10506.666666666666,
    "average_utilization": 0.9999985690668354,
    "scheduler_latency": 2.125859022140503,
    "makespan": 126080.0
}