{
    "numcircuit": 12,
    "nameAlgorithm": "ghz",
    "averageQubits": 6.0,
    "nameSchedule": "MILQ",
    "typeMachine": {
        "fake_belem": 5,
        "fake_manila": 5
    },
    "average_turnaroundTime": 35183.34246670832,
    "average_responseTime": 29026.009133375,
    "average_fidelity": 0.9138604106599776,
    "sampling_overhead": 108.0,
    "average_throughput": 4401.4009133375,
    "average_utilization": 0.9951326170674062,
    "scheduler_latency": 3.94350266456604,
    "makespan": 105633.6219201
}