{
    "numcircuit": 12,
    "nameAlgorithm": "ghz",
    "averageQubits": 8.0,
    "nameSchedule": "MILQ",
    "typeMachine": {
        "fake_belem": 5,
        "fake_manila": 5
    },
    "average_turnaroundTime": 67817.33333333333,
    "average_responseTime": 58273.333333333336,
    "average_fidelity": 0.8871236032653402,
    "sampling_overhead": 108.0,
    "average_throughput": 7773.333333333333,
    "average_utilization": 0.8805067267354151,
    "scheduler_latency": 5.694316148757935,
    "makespan": 186560.0
}