{
    "numcircuit": 12,
    "nameAlgorithm": "ghz",
    "averageQubits": 8.0,
    "nameSchedule": "MILQ",
    "typeMachine": {
        "fake_belem": 5,
        "fake_manila": 5
    },
    "average_turnaroundTime": 65327793595.666664,
    "average_responseTime": 65327783761.0,
    "average_fidelity": 0.8879064174636498,
    "sampling_overhead": 108.0,
    "average_throughput": 2722728854.3333335,
    "average_utilization": 1.624258494151568e-06,
    "scheduler_latency": 5.214210033416748,
    "makespan": 65345492504.0
}