{
    "numcircuit": 12,
    "nameAlgorithm": "ghz",
    "averageQubits": 8.0,
    "nameSchedule": "MILQ",
    "typeMachine": {
        "fake_belem": 5,
        "fake_manila": 5
    },
    "average_turnaroundTime": 65327796502.333336,
    "average_responseTime": 65327786377.0,
    "average_fidelity": 0.8905619836654904,
    "sampling_overhead": 108.0,
    "average_throughput": 2722728854.3333335,
    "average_utilization": 1.6776363151204203e-06,
    "scheduler_latency": 5.2196125984191895,
    "makespan": 65345492504.0
}