{
    "numcircuit": 12,
    "nameAlgorithm": "ghz",
    "averageQubits": 8.0,
    "nameSchedule": "MILQ",
    "typeMachine": {
        "fake_belem": 5,
        "fake_manila": 5
    },
    "average_turnaroundTime": 65327792433.0,
    "average_responseTime": 65327783179.666664,
    "average_fidelity": 0.886773939020193,
    "sampling_overhead": 108.0,
    "average_throughput": 2722728854.3333335,
    "average_utilization": 1.517502852213863e-06,
    "scheduler_latency": 5.273165464401245,
    "makespan": 65345492504.0
}