{
    "numcircuit": 12,
    "nameAlgorithm": "ghz",
    "averageQubits": 8.0,
    "nameSchedule": "MILQ",
    "typeMachine": {
        "fake_belem": 5,
        "fake_manila": 5
    },
    "average_turnaroundTime": 65327791561.0,
    "average_responseTime": 65327782598.333336,
    "average_fidelity": 0.8851246548235783,
    "sampling_overhead": 108.0,
    "average_throughput": 2722728854.3333335,
    "average_utilization": 1.4641250312450106e-06,
    "scheduler_latency": 5.322004795074463,
    "makespan": 65345492504.0
}