{
    "numcircuit": 12,
    "nameAlgorithm": "ghz",
    "averageQubits": 8.0,
    "nameSchedule": "MILQ",
    "typeMachine": {
        "fake_belem": 5,
        "fake_manila": 5
    },
    "average_turnaroundTime": 65327795339.666664,
    "average_responseTime": 65327785214.333336,
    "average_fidelity": 0.8887768839559436,
    "sampling_overhead": 108.0,
    "average_throughput": 2722728854.3333335,
    "average_utilization": 1.6776363151204203e-06,
    "scheduler_latency": 5.162627696990967,
    "makespan": 65345492504.0
}