{
    "numcircuit": 12,
    "nameAlgorithm": "ghz",
    "averageQubits": 8.0,
    "nameSchedule": "MILQ",
    "typeMachine": {
        "fake_belem": 5,
        "fake_manila": 5
    },
    "average_turnaroundTime": 65327796502.333336,
    "average_responseTime": 65327786086.333336,
    "average_fidelity": 0.8877672182772018,
    "sampling_overhead": 108.0,
    "average_throughput": 2722728854.3333335,
    "average_utilization": 1.7310141360892727e-06,
    "scheduler_latency": 5.26220440864563,
    "makespan": 65345492504.0
}