{
    "numcircuit": 12,
    "nameAlgorithm": "ghz",
    "averageQubits": 8.0,
    "nameSchedule": "MILQ",
    "typeMachine": {
        "fake_belem": 5,
        "fake_manila": 5
    },
    "average_turnaroundTime": 65327795921.0,
    "average_responseTime": 65327785505.0,
    "average_fidelity": 0.8900670899333166,
    "sampling_overhead": 108.0,
    "average_throughput": 2722728854.3333335,
    "average_utilization": 1.7310141360892727e-06,
    "scheduler_latency": 5.2731475830078125,
    "makespan": 65345492504.0
}