{
    "numcircuit": 12,
    "nameAlgorithm": "ghz",
    "averageQubits": 8.0,
    "nameSchedule": "MILQ",
    "typeMachine": {
        "fake_belem": 5,
        "fake_manila": 5
    },
    "average_turnaroundTime": 65327793014.333336,
    "average_responseTime": 65327783470.333336,
    "average_fidelity": 0.8851114550174849,
    "sampling_overhead": 108.0,
    "average_throughput": 2722728854.3333335,
    "average_utilization": 1.5708806731827153e-06,
    "scheduler_latency": 5.18626856803894,
    "makespan": 65345492504.0
}