{
    "numcircuit": 12,
    "nameAlgorithm": "ghz",
    "averageQubits": 8.0,
    "nameSchedule": "MILQ",
    "typeMachine": {
        "fake_belem": 5,
        "fake_manila": 5
    },
    "average_turnaroundTime": 65327797374.333336,
    "average_responseTime": 65327786667.666664,
    "average_fidelity": 0.8905996818667736,
    "sampling_overhead": 108.0,
    "average_throughput": 2722728854.3333335,
    "average_utilization": 1.784391957058125e-06,
    "scheduler_latency": 5.347561836242676,
    "makespan": 65345492504.0
}