{
    "numcircuit": 12,
    "nameAlgorithm": "ghz",
    "averageQubits": 8.0,
    "nameSchedule": "MILQ",
    "typeMachine": {
        "fake_belem": 5,
        "fake_manila": 5
    },
    "average_turnaroundTime": 65327795630.333336,
    "average_responseTime": 65327785505.0,
    "average_fidelity": 0.8883976772940648,
    "sampling_overhead": 108.0,
    "average_throughput": 2722728854.3333335,
    "average_utilization": 1.6776363151204203e-06,
    "scheduler_latency": 5.20361852645874,
    "makespan": 65345492504.0
}