{
    "numcircuit": 12,
    "nameAlgorithm": "ghz",
    "averageQubits": 9.0,
    "nameSchedule": "MILQ",
    "typeMachine": {
        "fake_belem": 5,
        "fake_manila": 5
    },
    "average_turnaroundTime": 70345.98619583335,
    "average_responseTime": 56064.652862500014,
    "average_fidelity": 0.8505164204120048,
    "sampling_overhead": 108.0,
    "average_throughput": 20900.305,
    "average_utilization": 0.8084914827888895,
    "scheduler_latency": 5.379713773727417,
    "makespan": 501607.32
}