{
    "numcircuit": 13,
    "nameAlgorithm": "ghz",
    "averageQubits": 7.0,
    "nameSchedule": "MILQ",
    "typeMachine": {
        "fake_belem": 5,
        "fake_manila": 5
    },
    "average_turnaroundTime": 62477.53846153846,
    "average_responseTime": 54402.46153846154,
    "average_fidelity": 0.8845178852649561,
    "sampling_overhead": 117.0,
    "average_throughput": 5726.7692307692305,
    "average_utilization": 0.958596809301198,
    "scheduler_latency": 5.6878321170806885,
    "makespan": 148896.0
}