{
    "numcircuit": 13,
    "nameAlgorithm": "ghz",
    "averageQubits": 7.0,
    "nameSchedule": "MILQ",
    "typeMachine": {
        "fake_belem": 5,
        "fake_manila": 5
    },
    "average_turnaroundTime": 56064.0,
    "average_responseTime": 47532.307692307695,
    "average_fidelity": 0.8859942984026783,
    "sampling_overhead": 117.0,
    "average_throughput": 6263.384615384615,
    "average_utilization": 0.9465483413046065,
    "scheduler_latency": 5.299343585968018,
    "makespan": 162848.0
}