{
    "numcircuit": 13,
    "nameAlgorithm": "ghz",
    "averageQubits": 9.0,
    "nameSchedule": "MILQ",
    "typeMachine": {
        "fake_belem": 5,
        "fake_manila": 5
    },
    "average_turnaroundTime": 86241.23076923077,
    "average_responseTime": 73968.0,
    "average_fidelity": 0.8554655264277743,
    "sampling_overhead": 117.0,
    "average_throughput": 8893.538461538461,
    "average_utilization": 0.900663753875753,
    "scheduler_latency": 7.361506462097168,
    "makespan": 231232.0
}