{
    "numcircuit": 13,
    "nameAlgorithm": "ghz",
    "averageQubits": 9.0,
    "nameSchedule": "MILQ",
    "typeMachine": {
        "fake_belem": 5,
        "fake_manila": 5
    },
    "average_turnaroundTime": 78414.76923076923,
    "average_responseTime": 66900.92307692308,
    "average_fidelity": 0.8540422547464025,
    "sampling_overhead": 117.0,
    "average_throughput": 8088.615384615385,
    "average_utilization": 0.9041038441157283,
    "scheduler_latency": 4.682635307312012,
    "makespan": 210304.0
}