{
    "numcircuit": 14,
    "nameAlgorithm": "ghz",
    "averageQubits": 3.0,
    "nameSchedule": "MILQ",
    "typeMachine": {
        "fake_belem": 5,
        "fake_manila": 5
    },
    "average_turnaroundTime": 18688.000499997,
    "average_responseTime": 14016.000499996999,
    "average_fidelity": 0.8607915817857251,
    "sampling_overhead": 0.0,
    "average_throughput": 2752.0000714281427,
    "average_utilization": 0.5999999922135022,
    "scheduler_latency": 0.9321973323822021,
    "makespan": 38528.000999994
}