{
    "numcircuit": 14,
    "nameAlgorithm": "ghz",
    "averageQubits": 4.0,
    "nameSchedule": "MILQ",
    "typeMachine": {
        "fake_belem": 5,
        "fake_manila": 5
    },
    "average_turnaroundTime": 944087141.9928571,
    "average_responseTime": 944075247.1357143,
    "average_fidelity": 0.8151465301725713,
    "sampling_overhead": 0.0,
    "average_throughput": 188726598.2857143,
    "average_utilization": 2.5210809674709624e-05,
    "scheduler_latency": 0.9289753437042236,
    "makespan": 2642172376.0
}