{
    "numcircuit": 14,
    "nameAlgorithm": "ghz",
    "averageQubits": 6.0,
    "nameSchedule": "MILQ",
    "typeMachine": {
        "fake_belem": 5,
        "fake_manila": 5
    },
    "average_turnaroundTime": 39805.71428571428,
    "average_responseTime": 34882.28571428572,
    "average_fidelity": 0.9038862695653831,
    "sampling_overhead": 126.0,
    "average_throughput": 2445.714285714286,
    "average_utilization": 0.9950888573419036,
    "scheduler_latency": 6.0211570262908936,
    "makespan": 68480.0
}