{
    "numcircuit": 14,
    "nameAlgorithm": "ghz",
    "averageQubits": 8.0,
    "nameSchedule": "MILQ",
    "typeMachine": {
        "fake_belem": 5,
        "fake_manila": 5
    },
    "average_turnaroundTime": 55252.8764542857,
    "average_responseTime": 46475.73359714285,
    "average_fidelity": 0.8803036736424996,
    "sampling_overhead": 126.0,
    "average_throughput": 5878.857142857143,
    "average_utilization": 0.886882075743652,
    "scheduler_latency": 403.2073631286621,
    "makespan": 164608.0
}