{
    "numcircuit": 14,
    "nameAlgorithm": "ghz",
    "averageQubits": 8.0,
    "nameSchedule": "MILQ",
    "typeMachine": {
        "fake_belem": 5,
        "fake_manila": 5
    },
    "average_turnaroundTime": 62678.17672168644,
    "average_responseTime": 53917.033864543584,
    "average_fidelity": 0.8815026878640364,
    "sampling_overhead": 126.0,
    "average_throughput": 6073.178429140715,
    "average_utilization": 0.8757931946974491,
    "scheduler_latency": 6.435601234436035,
    "makespan": 170048.99601594
}