{
    "numcircuit": 14,
    "nameAlgorithm": "ghz",
    "averageQubits": 9.0,
    "nameSchedule": "MILQ",
    "typeMachine": {
        "fake_belem": 5,
        "fake_manila": 5
    },
    "average_turnaroundTime": 84182.85714285714,
    "average_responseTime": 72626.28571428571,
    "average_fidelity": 0.8604755471712099,
    "sampling_overhead": 126.0,
    "average_throughput": 8302.857142857143,
    "average_utilization": 0.905986248428998,
    "scheduler_latency": 6.62246036529541,
    "makespan": 232480.0
}