{
    "numcircuit": 15,
    "nameAlgorithm": "ghz",
    "averageQubits": 3.0,
    "nameSchedule": "MILQ",
    "typeMachine": {
        "fake_belem": 5,
        "fake_manila": 5
    },
    "average_turnaroundTime": 22039.0502976,
    "average_responseTime": 17200.650297600005,
    "average_fidelity": 0.8661273239501284,
    "sampling_overhead": 0.0,
    "average_throughput": 3303.6662357333335,
    "average_utilization": 0.5954068408166556,
    "scheduler_latency": 1.5358459949493408,
    "makespan": 49554.993536
}