{
    "numcircuit": 15,
    "nameAlgorithm": "ghz",
    "averageQubits": 4.0,
    "nameSchedule": "MILQ",
    "typeMachine": {
        "fake_belem": 5,
        "fake_manila": 5
    },
    "average_turnaroundTime": 26743001.461526666,
    "average_responseTime": 26729781.194859996,
    "average_fidelity": 0.8156311098861377,
    "sampling_overhead": 0.0,
    "average_throughput": 44935950.0,
    "average_utilization": 0.48011274195785447,
    "scheduler_latency": 0.8367259502410889,
    "makespan": 674039250.0
}