{
    "numcircuit": 15,
    "nameAlgorithm": "ghz",
    "averageQubits": 5.0,
    "nameSchedule": "MILQ",
    "typeMachine": {
        "fake_belem": 5,
        "fake_manila": 5
    },
    "average_turnaroundTime": 57225.395593335656,
    "average_responseTime": 45118.72892666899,
    "average_fidelity": 0.7838747365198326,
    "sampling_overhead": 0.0,
    "average_throughput": 7908.62201,
    "average_utilization": 0.8742672966000373,
    "scheduler_latency": 0.8069357872009277,
    "makespan": 118629.33015
}