{
    "numcircuit": 15,
    "nameAlgorithm": "ghz",
    "averageQubits": 6.0,
    "nameSchedule": "MILQ",
    "typeMachine": {
        "fake_belem": 5,
        "fake_manila": 5
    },
    "average_turnaroundTime": 51300.13416666666,
    "average_responseTime": 44373.20083333333,
    "average_fidelity": 0.9148084736307728,
    "sampling_overhead": 135.0,
    "average_throughput": 5511.466666666666,
    "average_utilization": 0.9943642785529162,
    "scheduler_latency": 10.139854907989502,
    "makespan": 165344.0
}