{
    "numcircuit": 15,
    "nameAlgorithm": "ghz",
    "averageQubits": 7.0,
    "nameSchedule": "MILQ",
    "typeMachine": {
        "fake_belem": 5,
        "fake_manila": 5
    },
    "average_turnaroundTime": 45225.66984415667,
    "average_responseTime": 38464.069844156664,
    "average_fidelity": 0.885303291677192,
    "sampling_overhead": 135.0,
    "average_throughput": 3839.0289065966663,
    "average_utilization": 0.9464984734307427,
    "scheduler_latency": 8.201061725616455,
    "makespan": 115170.86719789999
}