{
    "numcircuit": 15,
    "nameAlgorithm": "ghz",
    "averageQubits": 8.0,
    "nameSchedule": "MILQ",
    "typeMachine": {
        "fake_belem": 5,
        "fake_manila": 5
    },
    "average_turnaroundTime": 61993.3897939667,
    "average_responseTime": 53520.85646063336,
    "average_fidelity": 0.8804223935429364,
    "sampling_overhead": 135.0,
    "average_throughput": 5895.637437576666,
    "average_utilization": 0.8843393876042647,
    "scheduler_latency": 17.19071054458618,
    "makespan": 176869.1231273
}