{
    "numcircuit": 15,
    "nameAlgorithm": "ghz",
    "averageQubits": 8.0,
    "nameSchedule": "MILQ",
    "typeMachine": {
        "fake_belem": 5,
        "fake_manila": 5
    },
    "average_turnaroundTime": 56786.20215600001,
    "average_responseTime": 48937.668822666674,
    "average_fidelity": 0.8834526045337138,
    "sampling_overhead": 135.0,
    "average_throughput": 4789.420678666666,
    "average_utilization": 0.8794159632664396,
    "scheduler_latency": 13.361669063568115,
    "makespan": 143682.62036
}