{
    "numcircuit": 16,
    "nameAlgorithm": "ghz",
    "averageQubits": 10.0,
    "nameSchedule": "MILQ",
    "typeMachine": {
        "fake_belem": 5,
        "fake_manila": 5
    },
    "average_turnaroundTime": 105549.48094209001,
    "average_responseTime": 92986.48094209001,
    "average_fidelity": 0.8430280345427962,
    "sampling_overhead": 144.0,
    "average_throughput": 9126.030058880624,
    "average_utilization": 0.9999983531239526,
    "scheduler_latency": 349.921573638916,
    "makespan": 292032.96188417997
}