{
    "numcircuit": 16,
    "nameAlgorithm": "ghz",
    "averageQubits": 5.0,
    "nameSchedule": "MILQ",
    "typeMachine": {
        "fake_belem": 5,
        "fake_manila": 5
    },
    "average_turnaroundTime": 80355589.591125,
    "average_responseTime": 80342177.591125,
    "average_fidelity": 0.7755697806940084,
    "sampling_overhead": 0.0,
    "average_throughput": 26560705.0,
    "average_utilization": 0.0002525943784891907,
    "scheduler_latency": 1.769730806350708,
    "makespan": 424971280.0
}