{
    "numcircuit": 17,
    "nameAlgorithm": "ghz",
    "averageQubits": 10.0,
    "nameSchedule": "MILQ",
    "typeMachine": {
        "fake_belem": 5,
        "fake_manila": 5
    },
    "average_turnaroundTime": 102940.23529411765,
    "average_responseTime": 90955.29411764706,
    "average_fidelity": 0.8451566374234214,
    "sampling_overhead": 153.0,
    "average_throughput": 8142.117647058823,
    "average_utilization": 1.0,
    "scheduler_latency": 13.676048517227173,
    "makespan": 276832.0
}