{
    "numcircuit": 17,
    "nameAlgorithm": "ghz",
    "averageQubits": 4.0,
    "nameSchedule": "MILQ",
    "typeMachine": {
        "fake_belem": 5,
        "fake_manila": 5
    },
    "average_turnaroundTime": 53167.58823529412,
    "average_responseTime": 41408.529411764706,
    "average_fidelity": 0.8101347814907889,
    "sampling_overhead": 0.0,
    "average_throughput": 8794.35294117647,
    "average_utilization": 0.7999920636495308,
    "scheduler_latency": 5.719799518585205,
    "makespan": 149504.0
}