{
    "numcircuit": 18,
    "nameAlgorithm": "ghz",
    "averageQubits": 10.0,
    "nameSchedule": "MILQ",
    "typeMachine": {
        "fake_belem": 5,
        "fake_manila": 5
    },
    "average_turnaroundTime": 107335.11111010419,
    "average_responseTime": 95445.33333232642,
    "average_fidelity": 0.8366538178936913,
    "sampling_overhead": 162.0,
    "average_throughput": 7883.5555554884295,
    "average_utilization": 1.0000000000042575,
    "scheduler_latency": 24.836909770965576,
    "makespan": 283807.99999758345
}