{
    "numcircuit": 18,
    "nameAlgorithm": "ghz",
    "averageQubits": 2.0,
    "nameSchedule": "MILQ",
    "typeMachine": {
        "fake_belem": 5,
        "fake_manila": 5
    },
    "average_turnaroundTime": 7244.444444444444,
    "average_responseTime": 4636.444444444444,
    "average_fidelity": 0.8436678272086633,
    "sampling_overhead": 0.0,
    "average_throughput": 1013.3333333333334,
    "average_utilization": 0.72,
    "scheduler_latency": 1.7816240787506104,
    "makespan": 18240.0
}