{
    "numcircuit": 18,
    "nameAlgorithm": "ghz",
    "averageQubits": 3.0,
    "nameSchedule": "MILQ",
    "typeMachine": {
        "fake_belem": 5,
        "fake_manila": 5
    },
    "average_turnaroundTime": 22641.777777777777,
    "average_responseTime": 18154.666666666668,
    "average_fidelity": 0.8541383794520059,
    "sampling_overhead": 0.0,
    "average_throughput": 2346.6666666666665,
    "average_utilization": 0.6,
    "scheduler_latency": 6.077594757080078,
    "makespan": 42240.0
}