{
    "numcircuit": 18,
    "nameAlgorithm": "ghz",
    "averageQubits": 4.0,
    "nameSchedule": "MILQ",
    "typeMachine": {
        "fake_belem": 5,
        "fake_manila": 5
    },
    "average_turnaroundTime": 24380779047.555557,
    "average_responseTime": 24380768405.77778,
    "average_fidelity": 0.8191389933906871,
    "sampling_overhead": 0.0,
    "average_throughput": 1372715455.5555556,
    "average_utilization": 3.1073326400885206e-06,
    "scheduler_latency": 3.4783732891082764,
    "makespan": 24708878200.0
}