{
    "numcircuit": 18,
    "nameAlgorithm": "ghz",
    "averageQubits": 9.0,
    "nameSchedule": "MILQ",
    "typeMachine": {
        "fake_belem": 5,
        "fake_manila": 5
    },
    "average_turnaroundTime": 132068.44444444444,
    "average_responseTime": 119062.22222222222,
    "average_fidelity": 0.8554405763046987,
    "sampling_overhead": 162.0,
    "average_throughput": 10188.444444444445,
    "average_utilization": 0.9057358095079777,
    "scheduler_latency": 41.63255333900452,
    "makespan": 366784.0
}