{
    "numcircuit": 19,
    "nameAlgorithm": "ghz",
    "averageQubits": 4.0,
    "nameSchedule": "MILQ",
    "typeMachine": {
        "fake_belem": 5,
        "fake_manila": 5
    },
    "average_turnaroundTime": 1387931209.805263,
    "average_responseTime": 1387916104.1210525,
    "average_fidelity": 0.8140861888450971,
    "sampling_overhead": 0.0,
    "average_throughput": 535133061.8947368,
    "average_utilization": 1.9749657105348165e-05,
    "scheduler_latency": 2.067488431930542,
    "makespan": 10167528176.0
}