{
    "numcircuit": 19,
    "nameAlgorithm": "ghz",
    "averageQubits": 5.0,
    "nameSchedule": "MILQ",
    "typeMachine": {
        "fake_belem": 5,
        "fake_manila": 5
    },
    "average_turnaroundTime": 2223450940.338421,
    "average_responseTime": 2223436646.443684,
    "average_fidelity": 0.7886600049886747,
    "sampling_overhead": 0.0,
    "average_throughput": 151677356.63157895,
    "average_utilization": 4.7119478041108144e-05,
    "scheduler_latency": 2.820406675338745,
    "makespan": 2881869776.0
}