{
    "numcircuit": 19,
    "nameAlgorithm": "ghz",
    "averageQubits": 7.0,
    "nameSchedule": "MILQ",
    "typeMachine": {
        "fake_belem": 5,
        "fake_manila": 5
    },
    "average_turnaroundTime": 60386.52631578947,
    "average_responseTime": 52751.15789473684,
    "average_fidelity": 0.8870337567639109,
    "sampling_overhead": 171.0,
    "average_throughput": 4956.631578947368,
    "average_utilization": 0.9517152618388647,
    "scheduler_latency": 24.446815729141235,
    "makespan": 188352.0
}