{
    "numcircuit": 3,
    "nameAlgorithm": "ghz",
    "averageQubits": 10.0,
    "nameSchedule": "MILQ",
    "typeMachine": {
        "fake_belem": 5,
        "fake_manila": 5
    },
    "average_turnaroundTime": 19255.35270499997,
    "average_responseTime": 2892.686038333302,
    "average_fidelity": 0.8416088477792232,
    "sampling_overhead": 27.0,
    "average_throughput": 4835934.5,
    "average_utilization": 0.6964921215391432,
    "scheduler_latency": 0.1187586784362793,
    "makespan": 29015607.0
}