{
    "numcircuit": 3,
    "nameAlgorithm": "ghz",
    "averageQubits": 7.0,
    "nameSchedule": "MILQ",
    "typeMachine": {
        "fake_belem": 5,
        "fake_manila": 5
    },
    "average_turnaroundTime": 20069.333333333332,
    "average_responseTime": 11578.666666666666,
    "average_fidelity": 0.901908813905588,
    "sampling_overhead": 27.0,
    "average_throughput": 6837.333333333333,
    "average_utilization": 0.8784842232398973,
    "scheduler_latency": 300.0243408679962,
    "makespan": 41024.0
}