{
    "numcircuit": 3,
    "nameAlgorithm": "ghz",
    "averageQubits": 9.0,
    "nameSchedule": "MILQ",
    "typeMachine": {
        "fake_belem": 5,
        "fake_manila": 5
    },
    "average_turnaroundTime": 24946.916930166666,
    "average_responseTime": 9986.916930166662,
    "average_fidelity": 0.8605695564278057,
    "sampling_overhead": 27.0,
    "average_throughput": 44243.791666666664,
    "average_utilization": 0.6348639238844085,
    "scheduler_latency": 0.16216778755187988,
    "makespan": 265462.75
}