{
    "numcircuit": 3,
    "nameAlgorithm": "ghz",
    "averageQubits": 9.0,
    "nameSchedule": "MILQ",
    "typeMachine": {
        "fake_belem": 5,
        "fake_manila": 5
    },
    "average_turnaroundTime": 73786907.637843,
    "average_responseTime": 73767056.97117634,
    "average_fidelity": 0.8722223092043537,
    "sampling_overhead": 27.0,
    "average_throughput": 73250659.33333333,
    "average_utilization": 0.001834020255421482,
    "scheduler_latency": 0.09974336624145508,
    "makespan": 439503956.0
}