{
    "numcircuit": 4,
    "nameAlgorithm": "ghz",
    "averageQubits": 10.0,
    "nameSchedule": "MILQ",
    "typeMachine": {
        "fake_belem": 5,
        "fake_manila": 5
    },
    "average_turnaroundTime": 97099.23100000001,
    "average_responseTime": 76667.23100000001,
    "average_fidelity": 0.8403559721680031,
    "sampling_overhead": 36.0,
    "average_throughput": 18611.903875,
    "average_utilization": 0.6337364515361822,
    "scheduler_latency": 0.22332215309143066,
    "makespan": 148895.231
}