{
    "numcircuit": 4,
    "nameAlgorithm": "ghz",
    "averageQubits": 6.0,
    "nameSchedule": "MILQ",
    "typeMachine": {
        "fake_belem": 5,
        "fake_manila": 5
    },
    "average_turnaroundTime": -28655307.457942247,
    "average_responseTime": -28665603.457942247,
    "average_fidelity": 0.9165889416635861,
    "sampling_overhead": 36.0,
    "average_throughput": 33498.4125,
    "average_utilization": 0.15756832066594662,
    "scheduler_latency": 0.20875906944274902,
    "makespan": 267987.3
}