{
    "numcircuit": 4,
    "nameAlgorithm": "ghz",
    "averageQubits": 7.0,
    "nameSchedule": "MILQ",
    "typeMachine": {
        "fake_belem": 5,
        "fake_manila": 5
    },
    "average_turnaroundTime": 14226.428757749998,
    "average_responseTime": 6814.42875775,
    "average_fidelity": 0.8900624562297226,
    "sampling_overhead": 36.0,
    "average_throughput": 5130.892888625,
    "average_utilization": 0.9348998969182712,
    "scheduler_latency": 0.16172075271606445,
    "makespan": 41047.143109
}