{
    "numcircuit": 4,
    "nameAlgorithm": "ghz",
    "averageQubits": 7.0,
    "nameSchedule": "MILQ",
    "typeMachine": {
        "fake_belem": 5,
        "fake_manila": 5
    },
    "average_turnaroundTime": 22970.42875775,
    "average_responseTime": 12674.42875775,
    "average_fidelity": 0.8970295183682536,
    "sampling_overhead": 36.0,
    "average_throughput": 5130.892888625,
    "average_utilization": 0.9340773262939127,
    "scheduler_latency": 0.16512346267700195,
    "makespan": 41047.143109
}