{
    "numcircuit": 4,
    "nameAlgorithm": "ghz",
    "averageQubits": 7.0,
    "nameSchedule": "MILQ",
    "typeMachine": {
        "fake_belem": 5,
        "fake_manila": 5
    },
    "average_turnaroundTime": 32229.24109625,
    "average_responseTime": 22193.24109625,
    "average_fidelity": 0.9139226584804753,
    "sampling_overhead": 36.0,
    "average_throughput": 9390.031243875,
    "average_utilization": 0.6779840869099539,
    "scheduler_latency": 0.20654582977294922,
    "makespan": 75120.249951
}