{
    "numcircuit": 4,
    "nameAlgorithm": "ghz",
    "averageQubits": 9.0,
    "nameSchedule": "MILQ",
    "typeMachine": {
        "fake_belem": 5,
        "fake_manila": 5
    },
    "average_turnaroundTime": -2152067.749967375,
    "average_responseTime": -2170755.749967375,
    "average_fidelity": 0.8639827903978851,
    "sampling_overhead": 36.0,
    "average_throughput": 3439450.375,
    "average_utilization": 1.6288773273851629,
    "scheduler_latency": 0.15978336334228516,
    "makespan": 27515603.0
}