{
    "numcircuit": 4,
    "nameAlgorithm": "ghz",
    "averageQubits": 9.0,
    "nameSchedule": "MILQ",
    "typeMachine": {
        "fake_belem": 5,
        "fake_manila": 5
    },
    "average_turnaroundTime": -2171651.749967375,
    "average_responseTime": -2182891.749967375,
    "average_fidelity": 0.8706604969593441,
    "sampling_overhead": 36.0,
    "average_throughput": 3438250.375,
    "average_utilization": 1.2420840126105714,
    "scheduler_latency": 0.1561746597290039,
    "makespan": 27506003.0
}