{
    "numcircuit": 5,
    "nameAlgorithm": "ghz",
    "averageQubits": 10.0,
    "nameSchedule": "MILQ",
    "typeMachine": {
        "fake_belem": 5,
        "fake_manila": 5
    },
    "average_turnaroundTime": -72898.6363391,
    "average_responseTime": -83810.6363391,
    "average_fidelity": 0.849751193877105,
    "sampling_overhead": 45.0,
    "average_throughput": 5259.2312203,
    "average_utilization": 1.1443406376847431,
    "scheduler_latency": 0.31496334075927734,
    "makespan": 52592.312203
}