{
    "numcircuit": 5,
    "nameAlgorithm": "ghz",
    "averageQubits": 7.0,
    "nameSchedule": "MILQ",
    "typeMachine": {
        "fake_belem": 5,
        "fake_manila": 5
    },
    "average_turnaroundTime": 35246.176365,
    "average_responseTime": 24426.976365000002,
    "average_fidelity": 0.9025890725767228,
    "sampling_overhead": 45.0,
    "average_throughput": 5699.375273,
    "average_utilization": 0.9188903802367406,
    "scheduler_latency": 0.48829078674316406,
    "makespan": 56993.75273
}