{
    "numcircuit": 5,
    "nameAlgorithm": "ghz",
    "averageQubits": 8.0,
    "nameSchedule": "MILQ",
    "typeMachine": {
        "fake_belem": 5,
        "fake_manila": 5
    },
    "average_turnaroundTime": 33856.4000945,
    "average_responseTime": 22806.800094500002,
    "average_fidelity": 0.8943043414431313,
    "sampling_overhead": 45.0,
    "average_throughput": 5662.7000189,
    "average_utilization": 0.8996624525133974,
    "scheduler_latency": 0.3329143524169922,
    "makespan": 56627.000189
}