{
    "numcircuit": 5,
    "nameAlgorithm": "ghz",
    "averageQubits": 8.0,
    "nameSchedule": "MILQ",
    "typeMachine": {
        "fake_belem": 5,
        "fake_manila": 5
    },
    "average_turnaroundTime": 23173.8001712,
    "average_responseTime": 16178.6001712,
    "average_fidelity": 0.8747032344815826,
    "sampling_overhead": 45.0,
    "average_throughput": 3957.6000214,
    "average_utilization": 0.897766161178911,
    "scheduler_latency": 0.4735147953033447,
    "makespan": 39576.000214
}