{
    "numcircuit": 5,
    "nameAlgorithm": "ghz",
    "averageQubits": 9.0,
    "nameSchedule": "MILQ",
    "typeMachine": {
        "fake_belem": 5,
        "fake_manila": 5
    },
    "average_turnaroundTime": 32463.1662502,
    "average_responseTime": 20456.7662502,
    "average_fidelity": 0.8596389757055636,
    "sampling_overhead": 45.0,
    "average_throughput": 8174.100050999999,
    "average_utilization": 0.8976467236400222,
    "scheduler_latency": 0.38903021812438965,
    "makespan": 81741.00051
}