{
    "numcircuit": 6,
    "nameAlgorithm": "ghz",
    "averageQubits": 10.0,
    "nameSchedule": "MILQ",
    "typeMachine": {
        "fake_belem": 5,
        "fake_manila": 5
    },
    "average_turnaroundTime": 45026.72628523668,
    "average_responseTime": 32818.72628523666,
    "average_fidelity": 0.8406291551526902,
    "sampling_overhead": 54.0,
    "average_throughput": 8762.666666666666,
    "average_utilization": 0.999998557991533,
    "scheduler_latency": 2.1175498962402344,
    "makespan": 105152.0
}