{
    "numcircuit": 6,
    "nameAlgorithm": "ghz",
    "averageQubits": 4.0,
    "nameSchedule": "MILQ",
    "typeMachine": {
        "fake_belem": 5,
        "fake_manila": 5
    },
    "average_turnaroundTime": 27780.000249999997,
    "average_responseTime": 13892.000249999997,
    "average_fidelity": 0.8152431565308639,
    "sampling_overhead": 0.0,
    "average_throughput": 11089.333416666666,
    "average_utilization": 0.7999519027297111,
    "scheduler_latency": 0.16609740257263184,
    "makespan": 66536.0005
}