{
    "numcircuit": 6,
    "nameAlgorithm": "ghz",
    "averageQubits": 5.0,
    "nameSchedule": "MILQ",
    "typeMachine": {
        "fake_belem": 5,
        "fake_manila": 5
    },
    "average_turnaroundTime": -154791.52951725014,
    "average_responseTime": -163111.52951725014,
    "average_fidelity": 0.7963448156926121,
    "sampling_overhead": 0.0,
    "average_throughput": 1834437.8333333333,
    "average_utilization": 0.48894967953683627,
    "scheduler_latency": 0.14003229141235352,
    "makespan": 11006627.0
}