{
    "numcircuit": 6,
    "nameAlgorithm": "ghz",
    "averageQubits": 5.0,
    "nameSchedule": "MILQ",
    "typeMachine": {
        "fake_belem": 5,
        "fake_manila": 5
    },
    "average_turnaroundTime": 13964.686038333302,
    "average_responseTime": 2892.686038333302,
    "average_fidelity": 0.793673608836896,
    "sampling_overhead": 0.0,
    "average_throughput": 4834558.5,
    "average_utilization": 0.740377163221861,
    "scheduler_latency": 0.10182809829711914,
    "makespan": 29007351.0
}