{
    "numcircuit": 6,
    "nameAlgorithm": "ghz",
    "averageQubits": 8.0,
    "nameSchedule": "MILQ",
    "typeMachine": {
        "fake_belem": 5,
        "fake_manila": 5
    },
    "average_turnaroundTime": 22234.5730887497,
    "average_responseTime": 13378.5730887497,
    "average_fidelity": 0.8758995100666725,
    "sampling_overhead": 54.0,
    "average_throughput": 2483898.25,
    "average_utilization": 0.4707226533772399,
    "scheduler_latency": 0.52960205078125,
    "makespan": 29806779.0
}