{
    "numcircuit": 6,
    "nameAlgorithm": "ghz",
    "averageQubits": 8.0,
    "nameSchedule": "MILQ",
    "typeMachine": {
        "fake_belem": 5,
        "fake_manila": 5
    },
    "average_turnaroundTime": 34510.50013950001,
    "average_responseTime": 24953.16680616667,
    "average_fidelity": 0.8832387865986625,
    "sampling_overhead": 54.0,
    "average_throughput": 7148.50002325,
    "average_utilization": 0.8681345759820435,
    "scheduler_latency": 0.3715054988861084,
    "makespan": 85782.000279
}