{
    "numcircuit": 6,
    "nameAlgorithm": "ghz",
    "averageQubits": 9.0,
    "nameSchedule": "MILQ",
    "typeMachine": {
        "fake_belem": 5,
        "fake_manila": 5
    },
    "average_turnaroundTime": 42932.404777,
    "average_responseTime": 30009.738110333335,
    "average_fidelity": 0.8672143823722359,
    "sampling_overhead": 54.0,
    "average_throughput": 9925.083337833334,
    "average_utilization": 0.8970206713903852,
    "scheduler_latency": 0.48898911476135254,
    "makespan": 119101.000054
}