{
    "numcircuit": 6,
    "nameAlgorithm": "ghz",
    "averageQubits": 9.0,
    "nameSchedule": "MILQ",
    "typeMachine": {
        "fake_belem": 5,
        "fake_manila": 5
    },
    "average_turnaroundTime": 53917.333333333336,
    "average_responseTime": 39416.0,
    "average_fidelity": 0.8627980047931408,
    "sampling_overhead": 54.0,
    "average_throughput": 11773.333333333334,
    "average_utilization": 0.9093487167735514,
    "scheduler_latency": 0.7034332752227783,
    "makespan": 141280.0
}