{
    "numcircuit": 7,
    "nameAlgorithm": "ghz",
    "averageQubits": 10.0,
    "nameSchedule": "MILQ",
    "typeMachine": {
        "fake_belem": 5,
        "fake_manila": 5
    },
    "average_turnaroundTime": 38627.973543714266,
    "average_responseTime": 25585.687829428553,
    "average_fidelity": 0.8485113185796643,
    "sampling_overhead": 63.0,
    "average_throughput": 101922.08571428571,
    "average_utilization": 0.5476576210015952,
    "scheduler_latency": 0.6149892807006836,
    "makespan": 1426909.2
}