{
    "numcircuit": 7,
    "nameAlgorithm": "ghz",
    "averageQubits": 10.0,
    "nameSchedule": "MILQ",
    "typeMachine": {
        "fake_belem": 5,
        "fake_manila": 5
    },
    "average_turnaroundTime": 4672132.466428571,
    "average_responseTime": 4659101.609285714,
    "average_fidelity": 0.8386181571690089,
    "sampling_overhead": 63.0,
    "average_throughput": 3656963.5,
    "average_utilization": 0.022472677688924435,
    "scheduler_latency": 1.616396188735962,
    "makespan": 51197489.0
}