{
    "numcircuit": 7,
    "nameAlgorithm": "ghz",
    "averageQubits": 4.0,
    "nameSchedule": "MILQ",
    "typeMachine": {
        "fake_belem": 5,
        "fake_manila": 5
    },
    "average_turnaroundTime": 33510.327706714284,
    "average_responseTime": 19434.899135285716,
    "average_fidelity": 0.8283278141220869,
    "sampling_overhead": 0.0,
    "average_throughput": 11677.571498428571,
    "average_utilization": 0.7992903723693094,
    "scheduler_latency": 0.24321246147155762,
    "makespan": 81743.000489
}