{
    "numcircuit": 7,
    "nameAlgorithm": "ghz",
    "averageQubits": 5.0,
    "nameSchedule": "MILQ",
    "typeMachine": {
        "fake_belem": 5,
        "fake_manila": 5
    },
    "average_turnaroundTime": -128294.05859000023,
    "average_responseTime": -139772.91573285736,
    "average_fidelity": 0.786402870863969,
    "sampling_overhead": 0.0,
    "average_throughput": 2715356.714285714,
    "average_utilization": 1.665171893258687,
    "scheduler_latency": 0.12737727165222168,
    "makespan": 19007497.0
}