{
    "numcircuit": 7,
    "nameAlgorithm": "ghz",
    "averageQubits": 8.0,
    "nameSchedule": "MILQ",
    "typeMachine": {
        "fake_belem": 5,
        "fake_manila": 5
    },
    "average_turnaroundTime": 313851739.14285713,
    "average_responseTime": 313842772.28571427,
    "average_fidelity": 0.8814922081378205,
    "sampling_overhead": 63.0,
    "average_throughput": 34763218.0,
    "average_utilization": 0.00011587755758080674,
    "scheduler_latency": 1.0744497776031494,
    "makespan": 486685052.0
}