{
    "numcircuit": 8,
    "nameAlgorithm": "ghz",
    "averageQubits": 10.0,
    "nameSchedule": "MILQ",
    "typeMachine": {
        "fake_belem": 5,
        "fake_manila": 5
    },
    "average_turnaroundTime": 7471087506.25,
    "average_responseTime": 7471075266.25,
    "average_fidelity": 0.8298940375889623,
    "sampling_overhead": 72.0,
    "average_throughput": 562437487.5,
    "average_utilization": 1.140143134453388e-05,
    "scheduler_latency": 1.255976676940918,
    "makespan": 8998999800.0
}