{
    "numcircuit": 8,
    "nameAlgorithm": "ghz",
    "averageQubits": 5.0,
    "nameSchedule": "MILQ",
    "typeMachine": {
        "fake_belem": 5,
        "fake_manila": 5
    },
    "average_turnaroundTime": 70283.23100000001,
    "average_responseTime": 59371.231000000014,
    "average_fidelity": 0.7931879854022007,
    "sampling_overhead": 0.0,
    "average_throughput": 12195.903875,
    "average_utilization": 0.48722084796545806,
    "scheduler_latency": 0.23157644271850586,
    "makespan": 97567.231
}