{
    "numcircuit": 9,
    "nameAlgorithm": "ghz",
    "averageQubits": 10.0,
    "nameSchedule": "MILQ",
    "typeMachine": {
        "fake_belem": 5,
        "fake_manila": 5
    },
    "average_turnaroundTime": 1306983911.2222223,
    "average_responseTime": 1306971315.6666667,
    "average_fidelity": 0.8436022104874407,
    "sampling_overhead": 81.0,
    "average_throughput": 216192983.33333334,
    "average_utilization": 2.913059841130197e-05,
    "scheduler_latency": 2.1428494453430176,
    "makespan": 3891473700.0
}