{
    "numcircuit": 9,
    "nameAlgorithm": "ghz",
    "averageQubits": 3.0,
    "nameSchedule": "MILQ",
    "typeMachine": {
        "fake_belem": 5,
        "fake_manila": 5
    },
    "average_turnaroundTime": 12536.672972777775,
    "average_responseTime": 7957.117417222222,
    "average_fidelity": 0.8572156634918082,
    "sampling_overhead": 0.0,
    "average_throughput": 2448.445148888889,
    "average_utilization": 0.5993841775887463,
    "scheduler_latency": 0.2591540813446045,
    "makespan": 22036.00634
}