{
    "numcircuit": 9,
    "nameAlgorithm": "ghz",
    "averageQubits": 4.0,
    "nameSchedule": "MILQ",
    "typeMachine": {
        "fake_belem": 5,
        "fake_manila": 5
    },
    "average_turnaroundTime": 30115.413234000003,
    "average_responseTime": 18698.524345111113,
    "average_fidelity": 0.8147931970410285,
    "sampling_overhead": 0.0,
    "average_throughput": 8307.999061,
    "average_utilization": 0.799668171461648,
    "scheduler_latency": 0.27013731002807617,
    "makespan": 74771.991549
}