{
    "numcircuit": 9,
    "nameAlgorithm": "ghz",
    "averageQubits": 4.0,
    "nameSchedule": "MILQ",
    "typeMachine": {
        "fake_belem": 5,
        "fake_manila": 5
    },
    "average_turnaroundTime": 26710.67266111111,
    "average_responseTime": 16068.894883333334,
    "average_fidelity": 0.82121944619927,
    "sampling_overhead": 0.0,
    "average_throughput": 7530.666666666667,
    "average_utilization": 0.8075096639124846,
    "scheduler_latency": 0.25806689262390137,
    "makespan": 67776.0
}