{
    "numcircuit": 9,
    "nameAlgorithm": "ghz",
    "averageQubits": 6.0,
    "nameSchedule": "MILQ",
    "typeMachine": {
        "fake_belem": 5,
        "fake_manila": 5
    },
    "average_turnaroundTime": 41575.11111111111,
    "average_responseTime": 34215.11111111111,
    "average_fidelity": 0.9105256496486995,
    "sampling_overhead": 81.0,
    "average_throughput": 5799.111111111111,
    "average_utilization": 0.9896733648464231,
    "scheduler_latency": 1.5265867710113525,
    "makespan": 104384.0
}