{
    "numcircuit": 9,
    "nameAlgorithm": "ghz",
    "averageQubits": 6.0,
    "nameSchedule": "MILQ",
    "typeMachine": {
        "fake_belem": 5,
        "fake_manila": 5
    },
    "average_turnaroundTime": 826645696.2761111,
    "average_responseTime": 826639966.4983335,
    "average_fidelity": 0.9100157921380526,
    "sampling_overhead": 81.0,
    "average_throughput": 413858298.6666667,
    "average_utilization": 0.006500687842201433,
    "scheduler_latency": 2.8926033973693848,
    "makespan": 7449449376.0
}