{
    "numcircuit": 9,
    "nameAlgorithm": "ghz",
    "averageQubits": 8.0,
    "nameSchedule": "MILQ",
    "typeMachine": {
        "fake_belem": 5,
        "fake_manila": 5
    },
    "average_turnaroundTime": 467177436.0944663,
    "average_responseTime": 467167226.31668854,
    "average_fidelity": 0.8905933045585949,
    "sampling_overhead": 81.0,
    "average_throughput": 582088900.0,
    "average_utilization": 0.0005168689597226464,
    "scheduler_latency": 2.6171436309814453,
    "makespan": 10477600200.0
}