{
    "numcircuit": 9,
    "nameAlgorithm": "ghz",
    "averageQubits": 9.0,
    "nameSchedule": "MILQ",
    "typeMachine": {
        "fake_belem": 5,
        "fake_manila": 5
    },
    "average_turnaroundTime": 4232145184.999337,
    "average_responseTime": 4232132760.1104484,
    "average_fidelity": 0.8594692664982566,
    "sampling_overhead": 81.0,
    "average_throughput": 2012445177.7777777,
    "average_utilization": 2.7310944908440943e-06,
    "scheduler_latency": 1.800166368484497,
    "makespan": 36224013200.0
}