{
    "numcircuit": 11,
    "nameAlgorithm": "ghz",
    "averageQubits": 4.0,
    "nameSchedule": "FFD",
    "typeMachine": {
        "fake_belem": 5,
        "fake_manila": 5
    },
    "average_turnaroundTime": 42362.181818181816,
    "average_responseTime": 29623.272727272728,
    "average_fidelity": 0.8143145100487114,
    "sampling_overhead": 0.0,
    "average_throughput": 10193.454545454546,
    "average_utilization": 0.8,
    "scheduler_latency": 0.006526947021484375,
    "makespan": 112128.0
}