{
    "numcircuit": 11,
    "nameAlgorithm": "ghz",
    "averageQubits": 5.0,
    "nameSchedule": "FFD",
    "typeMachine": {
        "fake_belem": 5,
        "fake_manila": 5
    },
    "average_turnaroundTime": 41658.181818181816,
    "average_responseTime": 28942.545454545456,
    "average_fidelity": 0.7861276939776155,
    "sampling_overhead": 0.0,
    "average_throughput": 9559.272727272728,
    "average_utilization": 1.0,
    "scheduler_latency": 0.006314992904663086,
    "makespan": 105152.0
}