{
    "numcircuit": 11,
    "nameAlgorithm": "ghz",
    "averageQubits": 6.0,
    "nameSchedule": "FFD",
    "typeMachine": {
        "fake_belem": 5,
        "fake_manila": 5
    },
    "average_turnaroundTime": 38128.0,
    "average_responseTime": 31409.454545454544,
    "average_fidelity": 0.9130019764039249,
    "sampling_overhead": 99.0,
    "average_throughput": 5096.727272727273,
    "average_utilization": 0.9981395348837209,
    "scheduler_latency": 0.009813547134399414,
    "makespan": 112128.0
}