{
    "numcircuit": 11,
    "nameAlgorithm": "ghz",
    "averageQubits": 6.0,
    "nameSchedule": "FFD",
    "typeMachine": {
        "fake_belem": 5,
        "fake_manila": 5
    },
    "average_turnaroundTime": 39079.27272727273,
    "average_responseTime": 32360.727272727272,
    "average_fidelity": 0.9063797735144838,
    "sampling_overhead": 99.0,
    "average_throughput": 5096.727272727273,
    "average_utilization": 0.9981395348837209,
    "scheduler_latency": 0.01060032844543457,
    "makespan": 112128.0
}