{
    "numcircuit": 11,
    "nameAlgorithm": "ghz",
    "averageQubits": 7.0,
    "nameSchedule": "FFD",
    "typeMachine": {
        "fake_belem": 5,
        "fake_manila": 5
    },
    "average_turnaroundTime": 54555.63636363636,
    "average_responseTime": 46532.36363636364,
    "average_fidelity": 0.8758479785834304,
    "sampling_overhead": 99.0,
    "average_throughput": 5745.454545454545,
    "average_utilization": 0.9728506006611305,
    "scheduler_latency": 0.011454343795776367,
    "makespan": 126400.0
}