{
    "numcircuit": 11,
    "nameAlgorithm": "ghz",
    "averageQubits": 9.0,
    "nameSchedule": "FFD",
    "typeMachine": {
        "fake_belem": 5,
        "fake_manila": 5
    },
    "average_turnaroundTime": 77188.36363636363,
    "average_responseTime": 64933.818181818184,
    "average_fidelity": 0.8642924852782032,
    "sampling_overhead": 99.0,
    "average_throughput": 9185.454545454546,
    "average_utilization": 0.9091760008705669,
    "scheduler_latency": 0.013216733932495117,
    "makespan": 202080.0
}