{
    "numcircuit": 11,
    "nameAlgorithm": "ghz",
    "averageQubits": 9.0,
    "nameSchedule": "FFD",
    "typeMachine": {
        "fake_belem": 5,
        "fake_manila": 5
    },
    "average_turnaroundTime": 71480.72727272728,
    "average_responseTime": 58909.09090909091,
    "average_fidelity": 0.8610354015668863,
    "sampling_overhead": 99.0,
    "average_throughput": 9502.545454545454,
    "average_utilization": 0.8971985464970768,
    "scheduler_latency": 0.01116800308227539,
    "makespan": 209056.0
}