{
    "numcircuit": 12,
    "nameAlgorithm": "ghz",
    "averageQubits": 7.0,
    "nameSchedule": "FFD",
    "typeMachine": {
        "fake_belem": 5,
        "fake_manila": 5
    },
    "average_turnaroundTime": 67900.0,
    "average_responseTime": 59646.666666666664,
    "average_fidelity": 0.8767711995505924,
    "sampling_overhead": 108.0,
    "average_throughput": 5709.333333333333,
    "average_utilization": 0.9816536699671076,
    "scheduler_latency": 0.012208223342895508,
    "makespan": 137024.0
}