{
    "numcircuit": 12,
    "nameAlgorithm": "ghz",
    "averageQubits": 8.0,
    "nameSchedule": "FFD",
    "typeMachine": {
        "fake_belem": 5,
        "fake_manila": 5
    },
    "average_turnaroundTime": 74630.66666666667,
    "average_responseTime": 65345.333333333336,
    "average_fidelity": 0.8853728636254546,
    "sampling_overhead": 108.0,
    "average_throughput": 6629.333333333333,
    "average_utilization": 0.8861983735424401,
    "scheduler_latency": 0.011865854263305664,
    "makespan": 159104.0
}