{
    "numcircuit": 12,
    "nameAlgorithm": "ghz",
    "averageQubits": 8.0,
    "nameSchedule": "FFD",
    "typeMachine": {
        "fake_belem": 5,
        "fake_manila": 5
    },
    "average_turnaroundTime": 63876.0,
    "average_responseTime": 55753.333333333336,
    "average_fidelity": 0.8801672872084344,
    "sampling_overhead": 108.0,
    "average_throughput": 5466.666666666667,
    "average_utilization": 0.87736937995886,
    "scheduler_latency": 0.009257793426513672,
    "makespan": 131200.0
}