{
    "numcircuit": 12,
    "nameAlgorithm": "ghz",
    "averageQubits": 9.0,
    "nameSchedule": "FFD",
    "typeMachine": {
        "fake_belem": 5,
        "fake_manila": 5
    },
    "average_turnaroundTime": 84073.33333333333,
    "average_responseTime": 71633.33333333333,
    "average_fidelity": 0.8559174896552805,
    "sampling_overhead": 108.0,
    "average_throughput": 9344.0,
    "average_utilization": 0.9078910923507133,
    "scheduler_latency": 0.014349937438964844,
    "makespan": 224256.0
}