{
    "numcircuit": 12,
    "nameAlgorithm": "ghz",
    "averageQubits": 9.0,
    "nameSchedule": "FFD",
    "typeMachine": {
        "fake_belem": 5,
        "fake_manila": 5
    },
    "average_turnaroundTime": 84364.0,
    "average_responseTime": 71633.33333333333,
    "average_fidelity": 0.8579869682728704,
    "sampling_overhead": 108.0,
    "average_throughput": 9634.666666666666,
    "average_utilization": 0.9062888034952736,
    "scheduler_latency": 0.013000965118408203,
    "makespan": 231232.0
}