{
    "numcircuit": 13,
    "nameAlgorithm": "ghz",
    "averageQubits": 10.0,
    "nameSchedule": "FFD",
    "typeMachine": {
        "fake_belem": 5,
        "fake_manila": 5
    },
    "average_turnaroundTime": 86626.46153846153,
    "average_responseTime": 73944.61538461539,
    "average_fidelity": 0.8546497864550775,
    "sampling_overhead": 117.0,
    "average_throughput": 9209.846153846154,
    "average_utilization": 1.0,
    "scheduler_latency": 0.015522003173828125,
    "makespan": 239456.0
}