{
    "numcircuit": 13,
    "nameAlgorithm": "ghz",
    "averageQubits": 10.0,
    "nameSchedule": "FFD",
    "typeMachine": {
        "fake_belem": 5,
        "fake_manila": 5
    },
    "average_turnaroundTime": 94675.69230769231,
    "average_responseTime": 81188.92307692308,
    "average_fidelity": 0.85304845470148,
    "sampling_overhead": 117.0,
    "average_throughput": 10014.76923076923,
    "average_utilization": 1.0,
    "scheduler_latency": 0.0170595645904541,
    "makespan": 260384.0
}