{
    "numcircuit": 13,
    "nameAlgorithm": "ghz",
    "averageQubits": 4.0,
    "nameSchedule": "FFD",
    "typeMachine": {
        "fake_belem": 5,
        "fake_manila": 5
    },
    "average_turnaroundTime": 44467.692307692305,
    "average_responseTime": 32625.23076923077,
    "average_fidelity": 0.8133543051099225,
    "sampling_overhead": 0.0,
    "average_throughput": 9257.846153846154,
    "average_utilization": 0.8,
    "scheduler_latency": 0.0048787593841552734,
    "makespan": 120352.0
}