{
    "numcircuit": 13,
    "nameAlgorithm": "ghz",
    "averageQubits": 5.0,
    "nameSchedule": "FFD",
    "typeMachine": {
        "fake_belem": 5,
        "fake_manila": 5
    },
    "average_turnaroundTime": 51468.307692307695,
    "average_responseTime": 38468.92307692308,
    "average_fidelity": 0.7862200789596117,
    "sampling_overhead": 0.0,
    "average_throughput": 9794.461538461539,
    "average_utilization": 1.0,
    "scheduler_latency": 0.007126569747924805,
    "makespan": 127328.0
}