{
    "numcircuit": 13,
    "nameAlgorithm": "ghz",
    "averageQubits": 5.0,
    "nameSchedule": "FFD",
    "typeMachine": {
        "fake_belem": 5,
        "fake_manila": 5
    },
    "average_turnaroundTime": 43955.692307692305,
    "average_responseTime": 32566.153846153848,
    "average_fidelity": 0.787696257151855,
    "sampling_overhead": 0.0,
    "average_throughput": 8184.615384615385,
    "average_utilization": 1.0,
    "scheduler_latency": 0.0067768096923828125,
    "makespan": 106400.0
}