{
    "numcircuit": 13,
    "nameAlgorithm": "ghz",
    "averageQubits": 6.0,
    "nameSchedule": "FFD",
    "typeMachine": {
        "fake_belem": 5,
        "fake_manila": 5
    },
    "average_turnaroundTime": 45568.0,
    "average_responseTime": 39025.230769230766,
    "average_fidelity": 0.9109786350281843,
    "sampling_overhead": 117.0,
    "average_throughput": 4897.2307692307695,
    "average_utilization": 0.9992229992229993,
    "scheduler_latency": 0.012166738510131836,
    "makespan": 127328.0
}