{
    "numcircuit": 13,
    "nameAlgorithm": "ghz",
    "averageQubits": 7.0,
    "nameSchedule": "FFD",
    "typeMachine": {
        "fake_belem": 5,
        "fake_manila": 5
    },
    "average_turnaroundTime": 58145.230769230766,
    "average_responseTime": 50846.769230769234,
    "average_fidelity": 0.8815459462798046,
    "sampling_overhead": 117.0,
    "average_throughput": 4909.538461538462,
    "average_utilization": 0.9716738664815388,
    "scheduler_latency": 0.015497207641601562,
    "makespan": 127648.0
}