{
    "numcircuit": 13,
    "nameAlgorithm": "ghz",
    "averageQubits": 8.0,
    "nameSchedule": "FFD",
    "typeMachine": {
        "fake_belem": 5,
        "fake_manila": 5
    },
    "average_turnaroundTime": 79894.15384615384,
    "average_responseTime": 70590.76923076923,
    "average_fidelity": 0.8809462728134067,
    "sampling_overhead": 117.0,
    "average_throughput": 6704.0,
    "average_utilization": 0.8825621276098603,
    "scheduler_latency": 0.015192747116088867,
    "makespan": 174304.0
}