{
    "numcircuit": 13,
    "nameAlgorithm": "ghz",
    "averageQubits": 8.0,
    "nameSchedule": "FFD",
    "typeMachine": {
        "fake_belem": 5,
        "fake_manila": 5
    },
    "average_turnaroundTime": 73454.76923076923,
    "average_responseTime": 64688.0,
    "average_fidelity": 0.8796239302468882,
    "sampling_overhead": 117.0,
    "average_throughput": 6167.384615384615,
    "average_utilization": 0.8792651620979302,
    "scheduler_latency": 0.013806581497192383,
    "makespan": 160352.0
}