{
    "numcircuit": 13,
    "nameAlgorithm": "ghz",
    "averageQubits": 9.0,
    "nameSchedule": "FFD",
    "typeMachine": {
        "fake_belem": 5,
        "fake_manila": 5
    },
    "average_turnaroundTime": 90962.46153846153,
    "average_responseTime": 78411.07692307692,
    "average_fidelity": 0.8625161850368452,
    "sampling_overhead": 117.0,
    "average_throughput": 9478.153846153846,
    "average_utilization": 0.9054405450155301,
    "scheduler_latency": 0.016959190368652344,
    "makespan": 246432.0
}