{
    "numcircuit": 14,
    "nameAlgorithm": "ghz",
    "averageQubits": 10.0,
    "nameSchedule": "FFD",
    "typeMachine": {
        "fake_belem": 5,
        "fake_manila": 5
    },
    "average_turnaroundTime": 102473.14285714286,
    "average_responseTime": 89158.85714285714,
    "average_fidelity": 0.8544330923098848,
    "sampling_overhead": 126.0,
    "average_throughput": 9842.285714285714,
    "average_utilization": 1.0,
    "scheduler_latency": 0.018212318420410156,
    "makespan": 275584.0
}