{
    "numcircuit": 14,
    "nameAlgorithm": "ghz",
    "averageQubits": 7.0,
    "nameSchedule": "FFD",
    "typeMachine": {
        "fake_belem": 5,
        "fake_manila": 5
    },
    "average_turnaroundTime": 71568.0,
    "average_responseTime": 64195.42857142857,
    "average_fidelity": 0.8783981590666154,
    "sampling_overhead": 126.0,
    "average_throughput": 4819.428571428572,
    "average_utilization": 0.9801737500267158,
    "scheduler_latency": 0.014502286911010742,
    "makespan": 134944.0
}