{
    "numcircuit": 14,
    "nameAlgorithm": "ghz",
    "averageQubits": 9.0,
    "nameSchedule": "FFD",
    "typeMachine": {
        "fake_belem": 5,
        "fake_manila": 5
    },
    "average_turnaroundTime": 90225.14285714286,
    "average_responseTime": 78034.28571428571,
    "average_fidelity": 0.8584453947093321,
    "sampling_overhead": 126.0,
    "average_throughput": 9094.857142857143,
    "average_utilization": 0.9020409800028963,
    "scheduler_latency": 0.018465042114257812,
    "makespan": 254656.0
}