{
    "numcircuit": 15,
    "nameAlgorithm": "ghz",
    "averageQubits": 4.0,
    "nameSchedule": "FFD",
    "typeMachine": {
        "fake_belem": 5,
        "fake_manila": 5
    },
    "average_turnaroundTime": 53444.26666666667,
    "average_responseTime": 41329.066666666666,
    "average_fidelity": 0.8102408151482958,
    "sampling_overhead": 0.0,
    "average_throughput": 9501.866666666667,
    "average_utilization": 0.8,
    "scheduler_latency": 0.008385181427001953,
    "makespan": 142528.0
}