{
    "numcircuit": 15,
    "nameAlgorithm": "ghz",
    "averageQubits": 5.0,
    "nameSchedule": "FFD",
    "typeMachine": {
        "fake_belem": 5,
        "fake_manila": 5
    },
    "average_turnaroundTime": 57813.333333333336,
    "average_responseTime": 45070.933333333334,
    "average_fidelity": 0.7943665090466808,
    "sampling_overhead": 0.0,
    "average_throughput": 9501.866666666667,
    "average_utilization": 1.0,
    "scheduler_latency": 0.008581399917602539,
    "makespan": 142528.0
}