{
    "numcircuit": 15,
    "nameAlgorithm": "ghz",
    "averageQubits": 7.0,
    "nameSchedule": "FFD",
    "typeMachine": {
        "fake_belem": 5,
        "fake_manila": 5
    },
    "average_turnaroundTime": 65888.0,
    "average_responseTime": 58888.53333333333,
    "average_fidelity": 0.8747317360298426,
    "sampling_overhead": 135.0,
    "average_throughput": 4650.666666666667,
    "average_utilization": 0.9727565650187572,
    "scheduler_latency": 0.01751422882080078,
    "makespan": 139520.0
}