{
    "numcircuit": 15,
    "nameAlgorithm": "ghz",
    "averageQubits": 8.0,
    "nameSchedule": "FFD",
    "typeMachine": {
        "fake_belem": 5,
        "fake_manila": 5
    },
    "average_turnaroundTime": 86980.26666666666,
    "average_responseTime": 78105.6,
    "average_fidelity": 0.8832634651457718,
    "sampling_overhead": 135.0,
    "average_throughput": 6267.733333333334,
    "average_utilization": 0.88046000318642,
    "scheduler_latency": 0.018924474716186523,
    "makespan": 188032.0
}