{
    "numcircuit": 17,
    "nameAlgorithm": "ghz",
    "averageQubits": 3.0,
    "nameSchedule": "FFD",
    "typeMachine": {
        "fake_belem": 5,
        "fake_manila": 5
    },
    "average_turnaroundTime": 22701.176470588234,
    "average_responseTime": 17980.235294117647,
    "average_fidelity": 0.8605223104443525,
    "sampling_overhead": 0.0,
    "average_throughput": 2913.8823529411766,
    "average_utilization": 0.6,
    "scheduler_latency": 0.006783962249755859,
    "makespan": 49536.0
}