{
    "numcircuit": 17,
    "nameAlgorithm": "ghz",
    "averageQubits": 7.0,
    "nameSchedule": "FFD",
    "typeMachine": {
        "fake_belem": 5,
        "fake_manila": 5
    },
    "average_turnaroundTime": 81386.35294117648,
    "average_responseTime": 73794.82352941176,
    "average_fidelity": 0.8846588187280959,
    "sampling_overhead": 153.0,
    "average_throughput": 5166.117647058823,
    "average_utilization": 0.9740708644332979,
    "scheduler_latency": 0.020238399505615234,
    "makespan": 175648.0
}