{
    "numcircuit": 17,
    "nameAlgorithm": "ghz",
    "averageQubits": 7.0,
    "nameSchedule": "FFD",
    "typeMachine": {
        "fake_belem": 5,
        "fake_manila": 5
    },
    "average_turnaroundTime": 81591.5294117647,
    "average_responseTime": 74000.0,
    "average_fidelity": 0.8772235966428125,
    "sampling_overhead": 153.0,
    "average_throughput": 5166.117647058823,
    "average_utilization": 0.9740708644332979,
    "scheduler_latency": 0.022924423217773438,
    "makespan": 175648.0
}