{
    "numcircuit": 17,
    "nameAlgorithm": "ghz",
    "averageQubits": 9.0,
    "nameSchedule": "FFD",
    "typeMachine": {
        "fake_belem": 5,
        "fake_manila": 5
    },
    "average_turnaroundTime": 109671.5294117647,
    "average_responseTime": 97556.70588235294,
    "average_fidelity": 0.8588965537660387,
    "sampling_overhead": 153.0,
    "average_throughput": 9036.235294117647,
    "average_utilization": 0.9031879895319423,
    "scheduler_latency": 0.026377439498901367,
    "makespan": 307232.0
}