{
    "numcircuit": 18,
    "nameAlgorithm": "ghz",
    "averageQubits": 2.0,
    "nameSchedule": "FFD",
    "typeMachine": {
        "fake_belem": 5,
        "fake_manila": 5
    },
    "average_turnaroundTime": 7822.222222222223,
    "average_responseTime": 5098.666666666667,
    "average_fidelity": 0.8333793016980628,
    "sampling_overhead": 0.0,
    "average_throughput": 1013.3333333333334,
    "average_utilization": 0.8,
    "scheduler_latency": 0.0061779022216796875,
    "makespan": 18240.0
}