{
    "numcircuit": 18,
    "nameAlgorithm": "ghz",
    "averageQubits": 4.0,
    "nameSchedule": "FFD",
    "typeMachine": {
        "fake_belem": 5,
        "fake_manila": 5
    },
    "average_turnaroundTime": 61301.333333333336,
    "average_responseTime": 48963.555555555555,
    "average_fidelity": 0.817106486606165,
    "sampling_overhead": 0.0,
    "average_throughput": 9537.777777777777,
    "average_utilization": 0.8,
    "scheduler_latency": 0.008033275604248047,
    "makespan": 171680.0
}