{
    "numcircuit": 18,
    "nameAlgorithm": "ghz",
    "averageQubits": 7.0,
    "nameSchedule": "FFD",
    "typeMachine": {
        "fake_belem": 5,
        "fake_manila": 5
    },
    "average_turnaroundTime": 93423.11111111111,
    "average_responseTime": 85790.22222222222,
    "average_fidelity": 0.8771140363009586,
    "sampling_overhead": 162.0,
    "average_throughput": 5081.777777777777,
    "average_utilization": 0.980714146521847,
    "scheduler_latency": 0.024907350540161133,
    "makespan": 182944.0
}