{
    "numcircuit": 18,
    "nameAlgorithm": "ghz",
    "averageQubits": 8.0,
    "nameSchedule": "FFD",
    "typeMachine": {
        "fake_belem": 5,
        "fake_manila": 5
    },
    "average_turnaroundTime": 102963.55555555556,
    "average_responseTime": 94162.66666666667,
    "average_fidelity": 0.8825514524529862,
    "sampling_overhead": 162.0,
    "average_throughput": 6144.888888888889,
    "average_utilization": 0.8829256560452718,
    "scheduler_latency": 0.02629828453063965,
    "makespan": 221216.0
}