{
    "numcircuit": 18,
    "nameAlgorithm": "ghz",
    "averageQubits": 9.0,
    "nameSchedule": "FFD",
    "typeMachine": {
        "fake_belem": 5,
        "fake_manila": 5
    },
    "average_turnaroundTime": 121159.11111111111,
    "average_responseTime": 108719.11111111111,
    "average_fidelity": 0.8565202727559624,
    "sampling_overhead": 162.0,
    "average_throughput": 9344.0,
    "average_utilization": 0.9058172719549751,
    "scheduler_latency": 0.03215289115905762,
    "makespan": 336384.0
}