{
    "numcircuit": 19,
    "nameAlgorithm": "ghz",
    "averageQubits": 10.0,
    "nameSchedule": "FFD",
    "typeMachine": {
        "fake_belem": 5,
        "fake_manila": 5
    },
    "average_turnaroundTime": 132933.05263157896,
    "average_responseTime": 120208.84210526316,
    "average_fidelity": 0.8578453938460018,
    "sampling_overhead": 171.0,
    "average_throughput": 9252.21052631579,
    "average_utilization": 1.0,
    "scheduler_latency": 0.03433036804199219,
    "makespan": 351584.0
}