{
    "numcircuit": 19,
    "nameAlgorithm": "ghz",
    "averageQubits": 5.0,
    "nameSchedule": "FFD",
    "typeMachine": {
        "fake_belem": 5,
        "fake_manila": 5
    },
    "average_turnaroundTime": 72929.68421052632,
    "average_responseTime": 59070.31578947369,
    "average_fidelity": 0.791380549413073,
    "sampling_overhead": 0.0,
    "average_throughput": 10570.105263157895,
    "average_utilization": 1.0,
    "scheduler_latency": 0.011684656143188477,
    "makespan": 200832.0
}