{
    "numcircuit": 19,
    "nameAlgorithm": "ghz",
    "averageQubits": 5.0,
    "nameSchedule": "FFD",
    "typeMachine": {
        "fake_belem": 5,
        "fake_manila": 5
    },
    "average_turnaroundTime": 74031.15789473684,
    "average_responseTime": 59804.63157894737,
    "average_fidelity": 0.7798951556567477,
    "sampling_overhead": 0.0,
    "average_throughput": 10937.263157894737,
    "average_utilization": 1.0,
    "scheduler_latency": 0.009130716323852539,
    "makespan": 207808.0
}