{
    "numcircuit": 19,
    "nameAlgorithm": "ghz",
    "averageQubits": 6.0,
    "nameSchedule": "FFD",
    "typeMachine": {
        "fake_belem": 5,
        "fake_manila": 5
    },
    "average_turnaroundTime": 66262.73684210527,
    "average_responseTime": 59474.52631578947,
    "average_fidelity": 0.9105938841037097,
    "sampling_overhead": 171.0,
    "average_throughput": 5101.473684210527,
    "average_utilization": 0.9997406639004149,
    "scheduler_latency": 0.024261951446533203,
    "makespan": 193856.0
}