{
    "numcircuit": 19,
    "nameAlgorithm": "ghz",
    "averageQubits": 7.0,
    "nameSchedule": "FFD",
    "typeMachine": {
        "fake_belem": 5,
        "fake_manila": 5
    },
    "average_turnaroundTime": 88110.31578947368,
    "average_responseTime": 80785.68421052632,
    "average_fidelity": 0.8815163906677277,
    "sampling_overhead": 171.0,
    "average_throughput": 4934.736842105263,
    "average_utilization": 0.9749761464135924,
    "scheduler_latency": 0.026309728622436523,
    "makespan": 187520.0
}