{
    "numcircuit": 19,
    "nameAlgorithm": "ghz",
    "averageQubits": 7.0,
    "nameSchedule": "FFD",
    "typeMachine": {
        "fake_belem": 5,
        "fake_manila": 5
    },
    "average_turnaroundTime": 97656.42105263157,
    "average_responseTime": 89597.47368421052,
    "average_fidelity": 0.8814671881001893,
    "sampling_overhead": 171.0,
    "average_throughput": 5669.0526315789475,
    "average_utilization": 0.9764880735549113,
    "scheduler_latency": 0.026041746139526367,
    "makespan": 215424.0
}