{
    "numcircuit": 19,
    "nameAlgorithm": "ghz",
    "averageQubits": 8.0,
    "nameSchedule": "FFD",
    "typeMachine": {
        "fake_belem": 5,
        "fake_manila": 5
    },
    "average_turnaroundTime": 106660.21052631579,
    "average_responseTime": 98005.05263157895,
    "average_fidelity": 0.8805492951771597,
    "sampling_overhead": 171.0,
    "average_throughput": 6037.894736842105,
    "average_utilization": 0.879600006461931,
    "scheduler_latency": 0.030775070190429688,
    "makespan": 229440.0
}