{
    "numcircuit": 19,
    "nameAlgorithm": "ghz",
    "averageQubits": 8.0,
    "nameSchedule": "FFD",
    "typeMachine": {
        "fake_belem": 5,
        "fake_manila": 5
    },
    "average_turnaroundTime": 111616.84210526316,
    "average_responseTime": 102594.52631578948,
    "average_fidelity": 0.883370636088201,
    "sampling_overhead": 171.0,
    "average_throughput": 6405.0526315789475,
    "average_utilization": 0.88207521596951,
    "scheduler_latency": 0.02990579605102539,
    "makespan": 243392.0
}