{
    "numcircuit": 19,
    "nameAlgorithm": "ghz",
    "averageQubits": 9.0,
    "nameSchedule": "FFD",
    "typeMachine": {
        "fake_belem": 5,
        "fake_manila": 5
    },
    "average_turnaroundTime": 121424.0,
    "average_responseTime": 109458.52631578948,
    "average_fidelity": 0.8593684824229821,
    "sampling_overhead": 171.0,
    "average_throughput": 8885.052631578947,
    "average_utilization": 0.9033775441204919,
    "scheduler_latency": 0.033092498779296875,
    "makespan": 337632.0
}