{
    "numcircuit": 19,
    "nameAlgorithm": "ghz",
    "averageQubits": 9.0,
    "nameSchedule": "FFD",
    "typeMachine": {
        "fake_belem": 5,
        "fake_manila": 5
    },
    "average_turnaroundTime": 124544.84210526316,
    "average_responseTime": 112395.78947368421,
    "average_fidelity": 0.8583078708757225,
    "sampling_overhead": 171.0,
    "average_throughput": 9068.631578947368,
    "average_utilization": 0.906389383576301,
    "scheduler_latency": 0.03467226028442383,
    "makespan": 344608.0
}