{
    "numcircuit": 2,
    "nameAlgorithm": "ghz",
    "averageQubits": 7.0,
    "nameSchedule": "FFD",
    "typeMachine": {
        "fake_belem": 5,
        "fake_manila": 5
    },
    "average_turnaroundTime": 2015.1999999999998,
    "average_responseTime": 1108.8,
    "average_fidelity": 0.8816778881063316,
    "sampling_overhead": 18.0,
    "average_throughput": 0.0015489467162329614,
    "average_utilization": 0.9858736059479554,
    "scheduler_latency": 0.0005354881286621094,
    "makespan": 2582.4
}