{
    "numcircuit": 3,
    "nameAlgorithm": "ghz",
    "averageQubits": 6.0,
    "nameSchedule": "FFD",
    "typeMachine": {
        "fake_belem": 5,
        "fake_manila": 5
    },
    "average_turnaroundTime": 17813.333333333332,
    "average_responseTime": 10133.333333333334,
    "average_fidelity": 0.9243884335555594,
    "sampling_overhead": 27.0,
    "average_throughput": 5066.666666666667,
    "average_utilization": 0.9979166666666668,
    "scheduler_latency": 0.00034046173095703125,
    "makespan": 30400.0
}