{
    "numcircuit": 3,
    "nameAlgorithm": "ghz",
    "averageQubits": 7.0,
    "nameSchedule": "FFD",
    "typeMachine": {
        "fake_belem": 5,
        "fake_manila": 5
    },
    "average_turnaroundTime": 14330.666666666666,
    "average_responseTime": 6186.666666666667,
    "average_fidelity": 0.8883729320102435,
    "sampling_overhead": 27.0,
    "average_throughput": 6229.333333333333,
    "average_utilization": 0.9367741935483871,
    "scheduler_latency": 0.006814002990722656,
    "makespan": 37376.0
}