{
    "numcircuit": 3,
    "nameAlgorithm": "ghz",
    "averageQubits": 7.0,
    "nameSchedule": "FFD",
    "typeMachine": {
        "fake_belem": 5,
        "fake_manila": 5
    },
    "average_turnaroundTime": 22490.666666666668,
    "average_responseTime": 11904.0,
    "average_fidelity": 0.9131728463678677,
    "sampling_overhead": 27.0,
    "average_throughput": 6229.333333333333,
    "average_utilization": 0.9351351351351351,
    "scheduler_latency": 0.000461578369140625,
    "makespan": 37376.0
}