{
    "numcircuit": 3,
    "nameAlgorithm": "ghz",
    "averageQubits": 7.0,
    "nameSchedule": "FFD",
    "typeMachine": {
        "fake_belem": 5,
        "fake_manila": 5
    },
    "average_turnaroundTime": 13168.0,
    "average_responseTime": 6186.666666666667,
    "average_fidelity": 0.9016666739989583,
    "sampling_overhead": 27.0,
    "average_throughput": 5066.666666666667,
    "average_utilization": 0.9367741935483871,
    "time_generation": 0.0007855892181396484,
    "makespan": 30400.0
}