{
    "numcircuit": 3,
    "nameAlgorithm": "ghz",
    "averageQubits": 8.0,
    "nameSchedule": "FFD",
    "typeMachine": {
        "fake_belem": 5,
        "fake_manila": 5
    },
    "average_turnaroundTime": 22384.0,
    "average_responseTime": 12826.666666666666,
    "average_fidelity": 0.8800781205958361,
    "sampling_overhead": 27.0,
    "average_throughput": 7146.666666666667,
    "average_utilization": 0.8681336679434686,
    "scheduler_latency": 0.0049283504486083984,
    "makespan": 42880.0
}