{
    "numcircuit": 3,
    "nameAlgorithm": "ghz",
    "averageQubits": 8.0,
    "nameSchedule": "FFD",
    "typeMachine": {
        "fake_belem": 5,
        "fake_manila": 5
    },
    "average_turnaroundTime": 29749.333333333332,
    "average_responseTime": 17072.0,
    "average_fidelity": 0.8997493294278915,
    "sampling_overhead": 27.0,
    "average_throughput": 8309.333333333334,
    "average_utilization": 0.8939155267781711,
    "scheduler_latency": 0.005292177200317383,
    "makespan": 49856.0
}