{
    "numcircuit": 3,
    "nameAlgorithm": "ghz",
    "averageQubits": 9.0,
    "nameSchedule": "FFD",
    "typeMachine": {
        "fake_belem": 5,
        "fake_manila": 5
    },
    "average_turnaroundTime": 23717.333333333332,
    "average_responseTime": 11957.333333333334,
    "average_fidelity": 0.8659048793556968,
    "sampling_overhead": 27.0,
    "average_throughput": 8762.666666666666,
    "average_utilization": 0.9088118904096534,
    "time_generation": 0.0007598400115966797,
    "makespan": 52576.0
}