{
    "numcircuit": 6,
    "nameAlgorithm": "ghz",
    "averageQubits": 10.0,
    "nameSchedule": "FFD",
    "typeMachine": {
        "fake_belem": 5,
        "fake_manila": 5
    },
    "average_turnaroundTime": 49797.333333333336,
    "average_responseTime": 35818.666666666664,
    "average_fidelity": 0.8540389170049207,
    "sampling_overhead": 54.0,
    "average_throughput": 10506.666666666666,
    "average_utilization": 1.0,
    "scheduler_latency": 0.0064923763275146484,
    "makespan": 126080.0
}