{
    "numcircuit": 6,
    "nameAlgorithm": "ghz",
    "averageQubits": 6.0,
    "nameSchedule": "FFD",
    "typeMachine": {
        "fake_belem": 5,
        "fake_manila": 5
    },
    "average_turnaroundTime": 36418.666666666664,
    "average_responseTime": 30261.333333333332,
    "average_fidelity": 0.9141680468390957,
    "sampling_overhead": 54.0,
    "average_throughput": 4394.666666666667,
    "average_utilization": 0.9968798751950079,
    "scheduler_latency": 0.006801128387451172,
    "makespan": 52736.0
}