{
    "numcircuit": 6,
    "nameAlgorithm": "ghz",
    "averageQubits": 7.0,
    "nameSchedule": "FFD",
    "typeMachine": {
        "fake_belem": 5,
        "fake_manila": 5
    },
    "average_turnaroundTime": 35738.666666666664,
    "average_responseTime": 28184.0,
    "average_fidelity": 0.8742016575499911,
    "sampling_overhead": 54.0,
    "average_throughput": 4989.333333333333,
    "average_utilization": 0.9806607185353083,
    "scheduler_latency": 0.007830142974853516,
    "makespan": 59872.0
}