{
    "numcircuit": 6,
    "nameAlgorithm": "ghz",
    "averageQubits": 7.0,
    "nameSchedule": "FFD",
    "typeMachine": {
        "fake_belem": 5,
        "fake_manila": 5
    },
    "average_turnaroundTime": 35157.333333333336,
    "average_responseTime": 27602.666666666668,
    "average_fidelity": 0.8718141335496632,
    "sampling_overhead": 54.0,
    "average_throughput": 4989.333333333333,
    "average_utilization": 0.9806607185353083,
    "scheduler_latency": 0.005814790725708008,
    "makespan": 59872.0
}