{
    "numcircuit": 6,
    "nameAlgorithm": "ghz",
    "averageQubits": 8.0,
    "nameSchedule": "FFD",
    "typeMachine": {
        "fake_belem": 5,
        "fake_manila": 5
    },
    "average_turnaroundTime": 38546.666666666664,
    "average_responseTime": 29552.0,
    "average_fidelity": 0.8810489939292446,
    "sampling_overhead": 54.0,
    "average_throughput": 6338.666666666667,
    "average_utilization": 0.8842947726961696,
    "scheduler_latency": 0.006250143051147461,
    "makespan": 76064.0
}