{
    "numcircuit": 6,
    "nameAlgorithm": "ghz",
    "averageQubits": 9.0,
    "nameSchedule": "FFD",
    "typeMachine": {
        "fake_belem": 5,
        "fake_manila": 5
    },
    "average_turnaroundTime": 39042.666666666664,
    "average_responseTime": 27765.333333333332,
    "average_fidelity": 0.858354849998681,
    "sampling_overhead": 54.0,
    "average_throughput": 8181.333333333333,
    "average_utilization": 0.9012275586280317,
    "scheduler_latency": 0.006216526031494141,
    "makespan": 98176.0
}