{
    "numcircuit": 6,
    "nameAlgorithm": "ghz",
    "averageQubits": 9.0,
    "nameSchedule": "FFD",
    "typeMachine": {
        "fake_belem": 5,
        "fake_manila": 5
    },
    "average_turnaroundTime": 42530.666666666664,
    "average_responseTime": 30090.666666666668,
    "average_fidelity": 0.8606369119277395,
    "sampling_overhead": 54.0,
    "average_throughput": 9344.0,
    "average_utilization": 0.9016696311634986,
    "scheduler_latency": 0.007822751998901367,
    "makespan": 112128.0
}