{
    "numcircuit": 7,
    "nameAlgorithm": "ghz",
    "averageQubits": 10.0,
    "nameSchedule": "FFD",
    "typeMachine": {
        "fake_belem": 5,
        "fake_manila": 5
    },
    "average_turnaroundTime": 56246.857142857145,
    "average_responseTime": 42185.142857142855,
    "average_fidelity": 0.8584962733709233,
    "sampling_overhead": 63.0,
    "average_throughput": 10589.714285714286,
    "average_utilization": 1.0,
    "scheduler_latency": 0.007585048675537109,
    "makespan": 148256.0
}