{
    "numcircuit": 7,
    "nameAlgorithm": "ghz",
    "averageQubits": 10.0,
    "nameSchedule": "FFD",
    "typeMachine": {
        "fake_belem": 5,
        "fake_manila": 5
    },
    "average_turnaroundTime": 52758.857142857145,
    "average_responseTime": 39693.71428571428,
    "average_fidelity": 0.8559035204693822,
    "sampling_overhead": 63.0,
    "average_throughput": 9593.142857142857,
    "average_utilization": 1.0,
    "scheduler_latency": 0.007256507873535156,
    "makespan": 134304.0
}