{
    "numcircuit": 7,
    "nameAlgorithm": "ghz",
    "averageQubits": 4.0,
    "nameSchedule": "FFD",
    "typeMachine": {
        "fake_belem": 5,
        "fake_manila": 5
    },
    "average_turnaroundTime": 32493.714285714286,
    "average_responseTime": 19414.85714285714,
    "average_fidelity": 0.8282159011230157,
    "sampling_overhead": 0.0,
    "average_throughput": 10678.857142857143,
    "average_utilization": 0.8,
    "scheduler_latency": 0.004991292953491211,
    "makespan": 74752.0
}