{
    "numcircuit": 7,
    "nameAlgorithm": "ghz",
    "averageQubits": 4.0,
    "nameSchedule": "FFD",
    "typeMachine": {
        "fake_belem": 5,
        "fake_manila": 5
    },
    "average_turnaroundTime": 26514.285714285714,
    "average_responseTime": 15428.57142857143,
    "average_fidelity": 0.8128347314989657,
    "sampling_overhead": 0.0,
    "average_throughput": 8685.714285714286,
    "average_utilization": 0.8,
    "scheduler_latency": 0.005780935287475586,
    "makespan": 60800.0
}