{
    "numcircuit": 7,
    "nameAlgorithm": "ghz",
    "averageQubits": 5.0,
    "nameSchedule": "FFD",
    "typeMachine": {
        "fake_belem": 5,
        "fake_manila": 5
    },
    "average_turnaroundTime": 34642.28571428572,
    "average_responseTime": 20987.428571428572,
    "average_fidelity": 0.7771473144673587,
    "sampling_overhead": 0.0,
    "average_throughput": 10678.857142857143,
    "average_utilization": 1.0,
    "scheduler_latency": 0.004415988922119141,
    "makespan": 74752.0
}