{
    "numcircuit": 7,
    "nameAlgorithm": "ghz",
    "averageQubits": 6.0,
    "nameSchedule": "FFD",
    "typeMachine": {
        "fake_belem": 5,
        "fake_manila": 5
    },
    "average_turnaroundTime": 28528.0,
    "average_responseTime": 21156.571428571428,
    "average_fidelity": 0.9084201562197369,
    "sampling_overhead": 63.0,
    "average_throughput": 5837.714285714285,
    "average_utilization": 0.9976780185758514,
    "scheduler_latency": 0.007187604904174805,
    "makespan": 81728.0
}