{
    "numcircuit": 7,
    "nameAlgorithm": "ghz",
    "averageQubits": 6.0,
    "nameSchedule": "FFD",
    "typeMachine": {
        "fake_belem": 5,
        "fake_manila": 5
    },
    "average_turnaroundTime": 29026.285714285714,
    "average_responseTime": 21156.571428571428,
    "average_fidelity": 0.9068054428998935,
    "sampling_overhead": 63.0,
    "average_throughput": 6336.0,
    "average_utilization": 0.9976780185758514,
    "scheduler_latency": 0.0057408809661865234,
    "makespan": 88704.0
}