{
    "numcircuit": 7,
    "nameAlgorithm": "ghz",
    "averageQubits": 6.0,
    "nameSchedule": "FFD",
    "typeMachine": {
        "fake_belem": 5,
        "fake_manila": 5
    },
    "average_turnaroundTime": 26036.571428571428,
    "average_responseTime": 19163.428571428572,
    "average_fidelity": 0.9135600954646059,
    "sampling_overhead": 63.0,
    "average_throughput": 5339.428571428572,
    "average_utilization": 0.9976780185758514,
    "time_generation": 0.0016016960144042969,
    "makespan": 74752.0
}