{
    "numcircuit": 7,
    "nameAlgorithm": "ghz",
    "averageQubits": 7.0,
    "nameSchedule": "FFD",
    "typeMachine": {
        "fake_belem": 5,
        "fake_manila": 5
    },
    "average_turnaroundTime": 30925.714285714286,
    "average_responseTime": 23698.285714285714,
    "average_fidelity": 0.8813453911059524,
    "sampling_overhead": 63.0,
    "average_throughput": 5101.714285714285,
    "average_utilization": 0.9659034729946854,
    "scheduler_latency": 0.006245851516723633,
    "makespan": 71424.0
}