{
    "numcircuit": 7,
    "nameAlgorithm": "ghz",
    "averageQubits": 8.0,
    "nameSchedule": "FFD",
    "typeMachine": {
        "fake_belem": 5,
        "fake_manila": 5
    },
    "average_turnaroundTime": 40699.42857142857,
    "average_responseTime": 32128.0,
    "average_fidelity": 0.884958909756226,
    "sampling_overhead": 63.0,
    "average_throughput": 6020.571428571428,
    "average_utilization": 0.8747985401817424,
    "time_generation": 0.0015971660614013672,
    "makespan": 84288.0
}