{
    "numcircuit": 7,
    "nameAlgorithm": "ghz",
    "averageQubits": 9.0,
    "nameSchedule": "FFD",
    "typeMachine": {
        "fake_belem": 5,
        "fake_manila": 5
    },
    "average_turnaroundTime": 49101.71428571428,
    "average_responseTime": 36953.142857142855,
    "average_fidelity": 0.8608104507460256,
    "sampling_overhead": 63.0,
    "average_throughput": 9094.857142857143,
    "average_utilization": 0.9063130085644243,
    "scheduler_latency": 0.0069959163665771484,
    "makespan": 127328.0
}