{
    "numcircuit": 9,
    "nameAlgorithm": "ghz",
    "averageQubits": 4.0,
    "nameSchedule": "FFD",
    "typeMachine": {
        "fake_belem": 5,
        "fake_manila": 5
    },
    "average_turnaroundTime": 35431.11111111111,
    "average_responseTime": 22947.555555555555,
    "average_fidelity": 0.8168275046106298,
    "sampling_overhead": 0.0,
    "average_throughput": 9994.666666666666,
    "average_utilization": 0.8,
    "scheduler_latency": 0.007417917251586914,
    "makespan": 89952.0
}