{
    "numcircuit": 9,
    "nameAlgorithm": "ghz",
    "averageQubits": 5.0,
    "nameSchedule": "FFD",
    "typeMachine": {
        "fake_belem": 5,
        "fake_manila": 5
    },
    "average_turnaroundTime": 40024.88888888889,
    "average_responseTime": 26168.88888888889,
    "average_fidelity": 0.7832157873035652,
    "sampling_overhead": 0.0,
    "average_throughput": 10769.777777777777,
    "average_utilization": 1.0,
    "time_generation": 0.0009884834289550781,
    "makespan": 96928.0
}