{
    "numcircuit": 9,
    "nameAlgorithm": "ghz",
    "averageQubits": 6.0,
    "nameSchedule": "FFD",
    "typeMachine": {
        "fake_belem": 5,
        "fake_manila": 5
    },
    "average_turnaroundTime": 32832.0,
    "average_responseTime": 26247.11111111111,
    "average_fidelity": 0.9101821336934058,
    "sampling_overhead": 81.0,
    "average_throughput": 4997.333333333333,
    "average_utilization": 0.9994172494172494,
    "scheduler_latency": 0.009844779968261719,
    "makespan": 89952.0
}