{
    "numcircuit": 9,
    "nameAlgorithm": "ghz",
    "averageQubits": 6.0,
    "nameSchedule": "FFD",
    "typeMachine": {
        "fake_belem": 5,
        "fake_manila": 5
    },
    "average_turnaroundTime": 33607.11111111111,
    "average_responseTime": 26634.666666666668,
    "average_fidelity": 0.9117644502116993,
    "sampling_overhead": 81.0,
    "average_throughput": 5384.888888888889,
    "average_utilization": 0.9994172494172494,
    "scheduler_latency": 0.007609128952026367,
    "makespan": 96928.0
}