{
    "numcircuit": 9,
    "nameAlgorithm": "ghz",
    "averageQubits": 7.0,
    "nameSchedule": "FFD",
    "typeMachine": {
        "fake_belem": 5,
        "fake_manila": 5
    },
    "average_turnaroundTime": 43432.88888888889,
    "average_responseTime": 35525.333333333336,
    "average_fidelity": 0.8782753953558187,
    "sampling_overhead": 81.0,
    "average_throughput": 5587.555555555556,
    "average_utilization": 0.9682119726010365,
    "scheduler_latency": 0.009392499923706055,
    "makespan": 100576.0
}