{
    "numcircuit": 9,
    "nameAlgorithm": "ghz",
    "averageQubits": 8.0,
    "nameSchedule": "FFD",
    "typeMachine": {
        "fake_belem": 5,
        "fake_manila": 5
    },
    "average_turnaroundTime": 49445.333333333336,
    "average_responseTime": 41038.22222222222,
    "average_fidelity": 0.8804025332214274,
    "sampling_overhead": 81.0,
    "average_throughput": 5832.888888888889,
    "average_utilization": 0.8751886384187546,
    "scheduler_latency": 0.008344650268554688,
    "makespan": 104992.0
}