{
    "numcircuit": 9,
    "nameAlgorithm": "ghz",
    "averageQubits": 9.0,
    "nameSchedule": "FFD",
    "typeMachine": {
        "fake_belem": 5,
        "fake_manila": 5
    },
    "average_turnaroundTime": 59786.666666666664,
    "average_responseTime": 47960.88888888889,
    "average_fidelity": 0.8609088917076895,
    "sampling_overhead": 81.0,
    "average_throughput": 8762.666666666666,
    "average_utilization": 0.9062463063723092,
    "time_generation": 0.0032308101654052734,
    "makespan": 157728.0
}