{
    "numcircuit": 9,
    "nameAlgorithm": "ghz",
    "averageQubits": 9.0,
    "nameSchedule": "FFD",
    "typeMachine": {
        "fake_belem": 5,
        "fake_manila": 5
    },
    "average_turnaroundTime": 61724.444444444445,
    "average_responseTime": 49123.555555555555,
    "average_fidelity": 0.860261160334982,
    "sampling_overhead": 81.0,
    "average_throughput": 9537.777777777777,
    "average_utilization": 0.9016116366531641,
    "scheduler_latency": 0.010193109512329102,
    "makespan": 171680.0
}