{
    "numcircuit": 3,
    "nameAlgorithm": "ghz",
    "averageQubits": 9.0,
    "nameSchedule": "FFD",
    "typeMachine": {
        "fake_belem": 5,
        "fake_manila": 5
    },
    "average_turnaroundTime": 42026.666666666664,
    "average_responseTime": 21013.333333333332,
    "average_fidelity": 0.8662694485906329,
    "sampling_overhead": 27.0,
    "average_throughput": 11088.0,
    "average_utilization": 0.8960952892710013,
    "scheduler_latency": 0.00038623809814453125,
    "makespan": 66528.0
}