{
    "numcircuit": 11,
    "nameAlgorithm": "ghz",
    "averageQubits": 10.0,
    "nameSchedule": "MTMC",
    "typeMachine": {
        "fake_belem": 5,
        "fake_manila": 5
    },
    "average_turnaroundTime": 77530.18181818182,
    "average_responseTime": 64555.63636363636,
    "average_fidelity": 0.8530822652213056,
    "sampling_overhead": 99.0,
    "average_throughput": 9502.545454545454,
    "average_utilization": 1.0,
    "scheduler_latency": 0.025076627731323242,
    "makespan": 209056.0
}