{
    "numcircuit": 11,
    "nameAlgorithm": "ghz",
    "averageQubits": 6.0,
    "nameSchedule": "MTMC",
    "typeMachine": {
        "fake_belem": 5,
        "fake_manila": 5
    },
    "average_turnaroundTime": 34673.454545454544,
    "average_responseTime": 28589.090909090908,
    "average_fidelity": 0.9061026225283606,
    "sampling_overhead": 99.0,
    "average_throughput": 4469.818181818182,
    "average_utilization": 0.9981308411214954,
    "scheduler_latency": 0.015315771102905273,
    "makespan": 98336.0
}