{
    "numcircuit": 11,
    "nameAlgorithm": "ghz",
    "averageQubits": 7.0,
    "nameSchedule": "MTMC",
    "typeMachine": {
        "fake_belem": 5,
        "fake_manila": 5
    },
    "average_turnaroundTime": 40910.545454545456,
    "average_responseTime": 33204.36363636364,
    "average_fidelity": 0.8776474623878119,
    "sampling_overhead": 99.0,
    "average_throughput": 5428.363636363636,
    "average_utilization": 0.9721762549409139,
    "scheduler_latency": 0.018798351287841797,
    "makespan": 119424.0
}