{
    "numcircuit": 11,
    "nameAlgorithm": "ghz",
    "averageQubits": 8.0,
    "nameSchedule": "MTMC",
    "typeMachine": {
        "fake_belem": 5,
        "fake_manila": 5
    },
    "average_turnaroundTime": 51400.72727272727,
    "average_responseTime": 42464.0,
    "average_fidelity": 0.8823619615988805,
    "sampling_overhead": 99.0,
    "average_throughput": 6347.636363636364,
    "average_utilization": 0.8796877413773572,
    "scheduler_latency": 0.023391008377075195,
    "makespan": 139648.0
}