{
    "numcircuit": 11,
    "nameAlgorithm": "ghz",
    "averageQubits": 8.0,
    "nameSchedule": "MTMC",
    "typeMachine": {
        "fake_belem": 5,
        "fake_manila": 5
    },
    "average_turnaroundTime": 54254.545454545456,
    "average_responseTime": 45634.90909090909,
    "average_fidelity": 0.8769467009761217,
    "sampling_overhead": 99.0,
    "average_throughput": 6030.545454545455,
    "average_utilization": 0.8776153541792008,
    "scheduler_latency": 0.02350473403930664,
    "makespan": 132672.0
}