{
    "numcircuit": 11,
    "nameAlgorithm": "ghz",
    "averageQubits": 9.0,
    "nameSchedule": "MTMC",
    "typeMachine": {
        "fake_belem": 5,
        "fake_manila": 5
    },
    "average_turnaroundTime": 68770.90909090909,
    "average_responseTime": 57150.545454545456,
    "average_fidelity": 0.8628790664517542,
    "sampling_overhead": 99.0,
    "average_throughput": 8551.272727272728,
    "average_utilization": 0.9024227126997934,
    "scheduler_latency": 0.02605891227722168,
    "makespan": 188128.0
}