{
    "numcircuit": 12,
    "nameAlgorithm": "ghz",
    "averageQubits": 6.0,
    "nameSchedule": "MTMC",
    "typeMachine": {
        "fake_belem": 5,
        "fake_manila": 5
    },
    "average_turnaroundTime": 38117.333333333336,
    "average_responseTime": 31669.333333333332,
    "average_fidelity": 0.9072335045775812,
    "sampling_overhead": 108.0,
    "average_throughput": 4678.666666666667,
    "average_utilization": 0.998829953198128,
    "scheduler_latency": 0.017161846160888672,
    "makespan": 112288.0
}