{
    "numcircuit": 12,
    "nameAlgorithm": "ghz",
    "averageQubits": 8.0,
    "nameSchedule": "MTMC",
    "typeMachine": {
        "fake_belem": 5,
        "fake_manila": 5
    },
    "average_turnaroundTime": 55240.0,
    "average_responseTime": 47117.333333333336,
    "average_fidelity": 0.8826081545348151,
    "sampling_overhead": 108.0,
    "average_throughput": 5466.666666666667,
    "average_utilization": 0.87736937995886,
    "scheduler_latency": 0.02646327018737793,
    "makespan": 131200.0
}