{
    "numcircuit": 13,
    "nameAlgorithm": "ghz",
    "averageQubits": 10.0,
    "nameSchedule": "MTMC",
    "typeMachine": {
        "fake_belem": 5,
        "fake_manila": 5
    },
    "average_turnaroundTime": 85016.61538461539,
    "average_responseTime": 72603.07692307692,
    "average_fidelity": 0.857110809109942,
    "sampling_overhead": 117.0,
    "average_throughput": 8941.538461538461,
    "average_utilization": 1.0,
    "scheduler_latency": 0.032143354415893555,
    "makespan": 232480.0
}