{
    "numcircuit": 13,
    "nameAlgorithm": "ghz",
    "averageQubits": 4.0,
    "nameSchedule": "MTMC",
    "typeMachine": {
        "fake_belem": 5,
        "fake_manila": 5
    },
    "average_turnaroundTime": 49297.230769230766,
    "average_responseTime": 36381.53846153846,
    "average_fidelity": 0.8126360266140011,
    "sampling_overhead": 0.0,
    "average_throughput": 10331.076923076924,
    "average_utilization": 0.8,
    "scheduler_latency": 0.013695478439331055,
    "makespan": 134304.0
}