{
    "numcircuit": 13,
    "nameAlgorithm": "ghz",
    "averageQubits": 4.0,
    "nameSchedule": "MTMC",
    "typeMachine": {
        "fake_belem": 5,
        "fake_manila": 5
    },
    "average_turnaroundTime": 50907.07692307692,
    "average_responseTime": 37991.38461538462,
    "average_fidelity": 0.8146476716418725,
    "sampling_overhead": 0.0,
    "average_throughput": 10331.076923076924,
    "average_utilization": 0.8,
    "scheduler_latency": 0.01127481460571289,
    "makespan": 134304.0
}