{
    "numcircuit": 13,
    "nameAlgorithm": "ghz",
    "averageQubits": 5.0,
    "nameSchedule": "MTMC",
    "typeMachine": {
        "fake_belem": 5,
        "fake_manila": 5
    },
    "average_turnaroundTime": 52541.53846153846,
    "average_responseTime": 39542.153846153844,
    "average_fidelity": 0.7876367353927296,
    "sampling_overhead": 0.0,
    "average_throughput": 9794.461538461539,
    "average_utilization": 1.0,
    "scheduler_latency": 0.013505935668945312,
    "makespan": 127328.0
}