{
    "numcircuit": 13,
    "nameAlgorithm": "ghz",
    "averageQubits": 6.0,
    "nameSchedule": "MTMC",
    "typeMachine": {
        "fake_belem": 5,
        "fake_manila": 5
    },
    "average_turnaroundTime": 43552.0,
    "average_responseTime": 37009.230769230766,
    "average_fidelity": 0.9130499723906741,
    "sampling_overhead": 117.0,
    "average_throughput": 4903.384615384615,
    "average_utilization": 0.9992199687987519,
    "scheduler_latency": 0.02183699607849121,
    "makespan": 127488.0
}