{
    "numcircuit": 13,
    "nameAlgorithm": "ghz",
    "averageQubits": 7.0,
    "nameSchedule": "MTMC",
    "typeMachine": {
        "fake_belem": 5,
        "fake_manila": 5
    },
    "average_turnaroundTime": 48329.846153846156,
    "average_responseTime": 40763.07692307692,
    "average_fidelity": 0.879287428736682,
    "sampling_overhead": 117.0,
    "average_throughput": 5177.846153846154,
    "average_utilization": 0.9719700458428594,
    "scheduler_latency": 0.02392411231994629,
    "makespan": 134624.0
}