{
    "numcircuit": 13,
    "nameAlgorithm": "ghz",
    "averageQubits": 8.0,
    "nameSchedule": "MTMC",
    "typeMachine": {
        "fake_belem": 5,
        "fake_manila": 5
    },
    "average_turnaroundTime": 63513.846153846156,
    "average_responseTime": 54747.07692307692,
    "average_fidelity": 0.8851288433252088,
    "sampling_overhead": 117.0,
    "average_throughput": 6167.384615384615,
    "average_utilization": 0.8792651620979302,
    "scheduler_latency": 0.02981424331665039,
    "makespan": 160352.0
}