{
    "numcircuit": 13,
    "nameAlgorithm": "ghz",
    "averageQubits": 8.0,
    "nameSchedule": "MTMC",
    "typeMachine": {
        "fake_belem": 5,
        "fake_manila": 5
    },
    "average_turnaroundTime": 66465.23076923077,
    "average_responseTime": 57430.153846153844,
    "average_fidelity": 0.8842245727030047,
    "sampling_overhead": 117.0,
    "average_throughput": 6435.692307692308,
    "average_utilization": 0.8809823710426119,
    "scheduler_latency": 0.029857158660888672,
    "makespan": 167328.0
}