{
    "numcircuit": 14,
    "nameAlgorithm": "ghz",
    "averageQubits": 10.0,
    "nameSchedule": "MTMC",
    "typeMachine": {
        "fake_belem": 5,
        "fake_manila": 5
    },
    "average_turnaroundTime": 91012.57142857143,
    "average_responseTime": 78694.85714285714,
    "average_fidelity": 0.8608963906051148,
    "sampling_overhead": 126.0,
    "average_throughput": 8845.714285714286,
    "average_utilization": 1.0,
    "scheduler_latency": 0.03575706481933594,
    "makespan": 247680.0
}