{
    "numcircuit": 14,
    "nameAlgorithm": "ghz",
    "averageQubits": 2.0,
    "nameSchedule": "MTMC",
    "typeMachine": {
        "fake_belem": 5,
        "fake_manila": 5
    },
    "average_turnaroundTime": 5961.142857142857,
    "average_responseTime": 3353.1428571428573,
    "average_fidelity": 0.8483614849098412,
    "sampling_overhead": 0.0,
    "average_throughput": 1042.2857142857142,
    "average_utilization": 0.7,
    "scheduler_latency": 0.009618520736694336,
    "makespan": 14592.0
}