{
    "numcircuit": 14,
    "nameAlgorithm": "ghz",
    "averageQubits": 4.0,
    "nameSchedule": "MTMC",
    "typeMachine": {
        "fake_belem": 5,
        "fake_manila": 5
    },
    "average_turnaroundTime": 49074.28571428572,
    "average_responseTime": 36681.142857142855,
    "average_fidelity": 0.8134821505067517,
    "sampling_overhead": 0.0,
    "average_throughput": 9593.142857142857,
    "average_utilization": 0.8,
    "scheduler_latency": 0.01585221290588379,
    "makespan": 134304.0
}