{
    "numcircuit": 14,
    "nameAlgorithm": "ghz",
    "averageQubits": 6.0,
    "nameSchedule": "MTMC",
    "typeMachine": {
        "fake_belem": 5,
        "fake_manila": 5
    },
    "average_turnaroundTime": 38388.57142857143,
    "average_responseTime": 32314.285714285714,
    "average_fidelity": 0.9096197855652925,
    "sampling_overhead": 126.0,
    "average_throughput": 4304.0,
    "average_utilization": 0.9996653279785811,
    "scheduler_latency": 0.023545265197753906,
    "makespan": 120512.0
}