{
    "numcircuit": 14,
    "nameAlgorithm": "ghz",
    "averageQubits": 6.0,
    "nameSchedule": "MTMC",
    "typeMachine": {
        "fake_belem": 5,
        "fake_manila": 5
    },
    "average_turnaroundTime": 45115.42857142857,
    "average_responseTime": 38293.71428571428,
    "average_fidelity": 0.9097370128587082,
    "sampling_overhead": 126.0,
    "average_throughput": 5051.428571428572,
    "average_utilization": 0.9996653279785811,
    "scheduler_latency": 0.021070480346679688,
    "makespan": 141440.0
}