{
    "numcircuit": 14,
    "nameAlgorithm": "ghz",
    "averageQubits": 7.0,
    "nameSchedule": "MTMC",
    "typeMachine": {
        "fake_belem": 5,
        "fake_manila": 5
    },
    "average_turnaroundTime": 55948.57142857143,
    "average_responseTime": 47576.0,
    "average_fidelity": 0.8776339513605271,
    "sampling_overhead": 126.0,
    "average_throughput": 6098.285714285715,
    "average_utilization": 0.9795768397936826,
    "scheduler_latency": 0.02681422233581543,
    "makespan": 170752.0
}