{
    "numcircuit": 14,
    "nameAlgorithm": "ghz",
    "averageQubits": 8.0,
    "nameSchedule": "MTMC",
    "typeMachine": {
        "fake_belem": 5,
        "fake_manila": 5
    },
    "average_turnaroundTime": 64068.57142857143,
    "average_responseTime": 55738.28571428572,
    "average_fidelity": 0.8807701342603006,
    "sampling_overhead": 126.0,
    "average_throughput": 5674.285714285715,
    "average_utilization": 0.8792113468981666,
    "scheduler_latency": 0.03307032585144043,
    "makespan": 158880.0
}