{
    "numcircuit": 14,
    "nameAlgorithm": "ghz",
    "averageQubits": 9.0,
    "nameSchedule": "MTMC",
    "typeMachine": {
        "fake_belem": 5,
        "fake_manila": 5
    },
    "average_turnaroundTime": 94771.42857142857,
    "average_responseTime": 82331.42857142857,
    "average_fidelity": 0.861775808854512,
    "sampling_overhead": 126.0,
    "average_throughput": 9344.0,
    "average_utilization": 0.906113532011509,
    "scheduler_latency": 0.03627896308898926,
    "makespan": 261632.0
}