{
    "numcircuit": 14,
    "nameAlgorithm": "ghz",
    "averageQubits": 9.0,
    "nameSchedule": "MTMC",
    "typeMachine": {
        "fake_belem": 5,
        "fake_manila": 5
    },
    "average_turnaroundTime": 91034.28571428571,
    "average_responseTime": 78594.28571428571,
    "average_fidelity": 0.8549038205841597,
    "sampling_overhead": 126.0,
    "average_throughput": 9344.0,
    "average_utilization": 0.9034471915027027,
    "scheduler_latency": 0.03440570831298828,
    "makespan": 261632.0
}