{
    "numcircuit": 15,
    "nameAlgorithm": "ghz",
    "averageQubits": 9.0,
    "nameSchedule": "MTMC",
    "typeMachine": {
        "fake_belem": 5,
        "fake_manila": 5
    },
    "average_turnaroundTime": 104012.8,
    "average_responseTime": 90778.66666666667,
    "average_fidelity": 0.8605752701518257,
    "sampling_overhead": 135.0,
    "average_throughput": 10157.866666666667,
    "average_utilization": 0.9050948699571503,
    "scheduler_latency": 0.04157900810241699,
    "makespan": 304736.0
}