{
    "numcircuit": 17,
    "nameAlgorithm": "ghz",
    "averageQubits": 2.0,
    "nameSchedule": "MTMC",
    "typeMachine": {
        "fake_belem": 5,
        "fake_manila": 5
    },
    "average_turnaroundTime": 7209.411764705882,
    "average_responseTime": 4540.235294117647,
    "average_fidelity": 0.8324468182325037,
    "sampling_overhead": 0.0,
    "average_throughput": 1072.9411764705883,
    "average_utilization": 0.76,
    "scheduler_latency": 0.01101231575012207,
    "makespan": 18240.0
}