{
    "numcircuit": 17,
    "nameAlgorithm": "ghz",
    "averageQubits": 4.0,
    "nameSchedule": "MTMC",
    "typeMachine": {
        "fake_belem": 5,
        "fake_manila": 5
    },
    "average_turnaroundTime": 63173.64705882353,
    "average_responseTime": 50029.17647058824,
    "average_fidelity": 0.8159167695829432,
    "sampling_overhead": 0.0,
    "average_throughput": 10509.176470588236,
    "average_utilization": 0.8,
    "scheduler_latency": 0.015117645263671875,
    "makespan": 178656.0
}