{
    "numcircuit": 17,
    "nameAlgorithm": "ghz",
    "averageQubits": 5.0,
    "nameSchedule": "MTMC",
    "typeMachine": {
        "fake_belem": 5,
        "fake_manila": 5
    },
    "average_turnaroundTime": 61095.529411764706,
    "average_responseTime": 48549.64705882353,
    "average_fidelity": 0.7844371792361334,
    "sampling_overhead": 0.0,
    "average_throughput": 9278.117647058823,
    "average_utilization": 1.0,
    "scheduler_latency": 0.01901531219482422,
    "makespan": 157728.0
}