{
    "numcircuit": 17,
    "nameAlgorithm": "ghz",
    "averageQubits": 7.0,
    "nameSchedule": "MTMC",
    "typeMachine": {
        "fake_belem": 5,
        "fake_manila": 5
    },
    "average_turnaroundTime": 59235.76470588235,
    "average_responseTime": 51849.41176470588,
    "average_fidelity": 0.8777064433706219,
    "sampling_overhead": 153.0,
    "average_throughput": 4960.941176470588,
    "average_utilization": 0.9738131751529417,
    "scheduler_latency": 0.033341407775878906,
    "makespan": 168672.0
}