{
    "numcircuit": 17,
    "nameAlgorithm": "ghz",
    "averageQubits": 8.0,
    "nameSchedule": "MTMC",
    "typeMachine": {
        "fake_belem": 5,
        "fake_manila": 5
    },
    "average_turnaroundTime": 79383.5294117647,
    "average_responseTime": 70426.35294117648,
    "average_fidelity": 0.8839881338618957,
    "sampling_overhead": 153.0,
    "average_throughput": 6344.470588235294,
    "average_utilization": 0.8813653982874807,
    "scheduler_latency": 0.04231095314025879,
    "makespan": 215712.0
}