{
    "numcircuit": 17,
    "nameAlgorithm": "ghz",
    "averageQubits": 9.0,
    "nameSchedule": "MTMC",
    "typeMachine": {
        "fake_belem": 5,
        "fake_manila": 5
    },
    "average_turnaroundTime": 108623.05882352941,
    "average_responseTime": 96713.41176470589,
    "average_fidelity": 0.8615226969352556,
    "sampling_overhead": 153.0,
    "average_throughput": 8831.058823529413,
    "average_utilization": 0.9043807606808766,
    "scheduler_latency": 0.04551553726196289,
    "makespan": 300256.0
}