{
    "numcircuit": 18,
    "nameAlgorithm": "ghz",
    "averageQubits": 10.0,
    "nameSchedule": "MTMC",
    "typeMachine": {
        "fake_belem": 5,
        "fake_manila": 5
    },
    "average_turnaroundTime": 125530.66666666667,
    "average_responseTime": 112520.88888888889,
    "average_fidelity": 0.8543014745073748,
    "sampling_overhead": 162.0,
    "average_throughput": 9537.777777777777,
    "average_utilization": 1.0,
    "scheduler_latency": 0.05090808868408203,
    "makespan": 343360.0
}