{
    "numcircuit": 18,
    "nameAlgorithm": "ghz",
    "averageQubits": 4.0,
    "nameSchedule": "MTMC",
    "typeMachine": {
        "fake_belem": 5,
        "fake_manila": 5
    },
    "average_turnaroundTime": 53162.666666666664,
    "average_responseTime": 42375.11111111111,
    "average_fidelity": 0.8110588602007882,
    "sampling_overhead": 0.0,
    "average_throughput": 7987.555555555556,
    "average_utilization": 0.8,
    "scheduler_latency": 0.017560720443725586,
    "makespan": 143776.0
}