{
    "numcircuit": 18,
    "nameAlgorithm": "ghz",
    "averageQubits": 5.0,
    "nameSchedule": "MTMC",
    "typeMachine": {
        "fake_belem": 5,
        "fake_manila": 5
    },
    "average_turnaroundTime": 61560.88888888889,
    "average_responseTime": 49326.22222222222,
    "average_fidelity": 0.7860078671856123,
    "sampling_overhead": 0.0,
    "average_throughput": 8762.666666666666,
    "average_utilization": 1.0,
    "scheduler_latency": 0.02024698257446289,
    "makespan": 157728.0
}