{
    "numcircuit": 18,
    "nameAlgorithm": "ghz",
    "averageQubits": 6.0,
    "nameSchedule": "MTMC",
    "typeMachine": {
        "fake_belem": 5,
        "fake_manila": 5
    },
    "average_turnaroundTime": 54675.555555555555,
    "average_responseTime": 48518.22222222222,
    "average_fidelity": 0.9106725883235924,
    "sampling_overhead": 162.0,
    "average_throughput": 4390.222222222223,
    "average_utilization": 0.999797529864345,
    "scheduler_latency": 0.03344559669494629,
    "makespan": 158048.0
}