{
    "numcircuit": 18,
    "nameAlgorithm": "ghz",
    "averageQubits": 6.0,
    "nameSchedule": "MTMC",
    "typeMachine": {
        "fake_belem": 5,
        "fake_manila": 5
    },
    "average_turnaroundTime": 57582.22222222222,
    "average_responseTime": 50843.555555555555,
    "average_fidelity": 0.9110607958287579,
    "sampling_overhead": 162.0,
    "average_throughput": 4971.555555555556,
    "average_utilization": 0.9998212050777757,
    "scheduler_latency": 0.031891822814941406,
    "makespan": 178976.0
}