{
    "numcircuit": 18,
    "nameAlgorithm": "ghz",
    "averageQubits": 7.0,
    "nameSchedule": "MTMC",
    "typeMachine": {
        "fake_belem": 5,
        "fake_manila": 5
    },
    "average_turnaroundTime": 66890.66666666667,
    "average_responseTime": 59255.11111111111,
    "average_fidelity": 0.8755254859270646,
    "sampling_overhead": 162.0,
    "average_throughput": 5301.333333333333,
    "average_utilization": 0.9794917242146346,
    "scheduler_latency": 0.03801989555358887,
    "makespan": 190848.0
}