{
    "numcircuit": 18,
    "nameAlgorithm": "ghz",
    "averageQubits": 8.0,
    "nameSchedule": "MTMC",
    "typeMachine": {
        "fake_belem": 5,
        "fake_manila": 5
    },
    "average_turnaroundTime": 80673.77777777778,
    "average_responseTime": 72066.66666666667,
    "average_fidelity": 0.8830763964651192,
    "sampling_overhead": 162.0,
    "average_throughput": 5951.111111111111,
    "average_utilization": 0.8814673781009024,
    "scheduler_latency": 0.0512847900390625,
    "makespan": 214240.0
}