{
    "numcircuit": 18,
    "nameAlgorithm": "ghz",
    "averageQubits": 9.0,
    "nameSchedule": "MTMC",
    "typeMachine": {
        "fake_belem": 5,
        "fake_manila": 5
    },
    "average_turnaroundTime": 120454.22222222222,
    "average_responseTime": 107820.44444444444,
    "average_fidelity": 0.8581770696612768,
    "sampling_overhead": 162.0,
    "average_throughput": 9537.777777777777,
    "average_utilization": 0.902748674897833,
    "scheduler_latency": 0.04878592491149902,
    "makespan": 343360.0
}