{
    "numcircuit": 19,
    "nameAlgorithm": "ghz",
    "averageQubits": 4.0,
    "nameSchedule": "MTMC",
    "typeMachine": {
        "fake_belem": 5,
        "fake_manila": 5
    },
    "average_turnaroundTime": 74152.42105263157,
    "average_responseTime": 60195.36842105263,
    "average_fidelity": 0.8127427820422874,
    "sampling_overhead": 0.0,
    "average_throughput": 11304.421052631578,
    "average_utilization": 0.8,
    "scheduler_latency": 0.018978118896484375,
    "makespan": 214784.0
}