{
    "numcircuit": 19,
    "nameAlgorithm": "ghz",
    "averageQubits": 6.0,
    "nameSchedule": "MTMC",
    "typeMachine": {
        "fake_belem": 5,
        "fake_manila": 5
    },
    "average_turnaroundTime": 64522.10526315789,
    "average_responseTime": 57917.47368421053,
    "average_fidelity": 0.9116790754470606,
    "sampling_overhead": 171.0,
    "average_throughput": 4926.315789473684,
    "average_utilization": 0.9999145299145299,
    "scheduler_latency": 0.031183242797851562,
    "makespan": 187200.0
}