{
    "numcircuit": 19,
    "nameAlgorithm": "ghz",
    "averageQubits": 6.0,
    "nameSchedule": "MTMC",
    "typeMachine": {
        "fake_belem": 5,
        "fake_manila": 5
    },
    "average_turnaroundTime": 63604.21052631579,
    "average_responseTime": 56999.57894736842,
    "average_fidelity": 0.9114231141215948,
    "sampling_overhead": 171.0,
    "average_throughput": 4926.315789473684,
    "average_utilization": 0.9999145299145299,
    "scheduler_latency": 0.03446197509765625,
    "makespan": 187200.0
}