{
    "numcircuit": 19,
    "nameAlgorithm": "ghz",
    "averageQubits": 8.0,
    "nameSchedule": "MTMC",
    "typeMachine": {
        "fake_belem": 5,
        "fake_manila": 5
    },
    "average_turnaroundTime": 87469.47368421052,
    "average_responseTime": 78630.73684210527,
    "average_fidelity": 0.8822759812927679,
    "sampling_overhead": 171.0,
    "average_throughput": 6221.473684210527,
    "average_utilization": 0.880874129601796,
    "scheduler_latency": 0.05305051803588867,
    "makespan": 236416.0
}