{
    "numcircuit": 19,
    "nameAlgorithm": "ghz",
    "averageQubits": 8.0,
    "nameSchedule": "MTMC",
    "typeMachine": {
        "fake_belem": 5,
        "fake_manila": 5
    },
    "average_turnaroundTime": 94996.21052631579,
    "average_responseTime": 85606.73684210527,
    "average_fidelity": 0.8812460079562147,
    "sampling_overhead": 171.0,
    "average_throughput": 6772.210526315789,
    "average_utilization": 0.8842820366819371,
    "scheduler_latency": 0.048244476318359375,
    "makespan": 257344.0
}