{
    "numcircuit": 19,
    "nameAlgorithm": "ghz",
    "averageQubits": 9.0,
    "nameSchedule": "MTMC",
    "typeMachine": {
        "fake_belem": 5,
        "fake_manila": 5
    },
    "average_turnaroundTime": 118920.42105263157,
    "average_responseTime": 107138.52631578948,
    "average_fidelity": 0.8596531545587385,
    "sampling_overhead": 171.0,
    "average_throughput": 8701.473684210527,
    "average_utilization": 0.9065678567983577,
    "scheduler_latency": 0.053829193115234375,
    "makespan": 330656.0
}