{
    "numcircuit": 3,
    "nameAlgorithm": "ghz",
    "averageQubits": 5.0,
    "nameSchedule": "MTMC",
    "typeMachine": {
        "fake_belem": 5,
        "fake_manila": 5
    },
    "average_turnaroundTime": 24917.333333333332,
    "average_responseTime": 5066.666666666667,
    "average_fidelity": 0.7770042802807874,
    "sampling_overhead": 0.0,
    "average_throughput": 12458.666666666666,
    "average_utilization": 1.0,
    "scheduler_latency": 0.005223989486694336,
    "makespan": 37376.0
}