{
    "numcircuit": 3,
    "nameAlgorithm": "ghz",
    "averageQubits": 5.0,
    "nameSchedule": "MTMC",
    "typeMachine": {
        "fake_belem": 5,
        "fake_manila": 5
    },
    "average_turnaroundTime": 17514.666666666668,
    "average_responseTime": 5066.666666666667,
    "average_fidelity": 0.7759002597140632,
    "sampling_overhead": 0.0,
    "average_throughput": 10133.333333333334,
    "average_utilization": 1.0,
    "scheduler_latency": 0.0061473846435546875,
    "makespan": 30400.0
}