{
    "numcircuit": 3,
    "nameAlgorithm": "ghz",
    "averageQubits": 7.0,
    "nameSchedule": "MTMC",
    "typeMachine": {
        "fake_belem": 5,
        "fake_manila": 5
    },
    "average_turnaroundTime": 19194.666666666668,
    "average_responseTime": 7445.333333333333,
    "average_fidelity": 0.9156580727619202,
    "sampling_overhead": 27.0,
    "average_throughput": 7392.0,
    "average_utilization": 0.9351351351351351,
    "scheduler_latency": 0.0024061203002929688,
    "makespan": 44352.0
}