{
    "numcircuit": 3,
    "nameAlgorithm": "ghz",
    "averageQubits": 7.0,
    "nameSchedule": "MTMC",
    "typeMachine": {
        "fake_belem": 5,
        "fake_manila": 5
    },
    "average_turnaroundTime": 15706.666666666666,
    "average_responseTime": 6282.666666666667,
    "average_fidelity": 0.8956856073011618,
    "sampling_overhead": 27.0,
    "average_throughput": 5066.666666666667,
    "average_utilization": 0.9351351351351351,
    "scheduler_latency": 0.00717926025390625,
    "makespan": 30400.0
}