{
    "numcircuit": 3,
    "nameAlgorithm": "ghz",
    "averageQubits": 9.0,
    "nameSchedule": "MTMC",
    "typeMachine": {
        "fake_belem": 5,
        "fake_manila": 5
    },
    "average_turnaroundTime": 35050.666666666664,
    "average_responseTime": 17525.333333333332,
    "average_fidelity": 0.8509703564006933,
    "sampling_overhead": 27.0,
    "average_throughput": 8762.666666666666,
    "average_utilization": 0.9,
    "scheduler_latency": 0.0031604766845703125,
    "makespan": 52576.0
}