{
    "numcircuit": 3,
    "nameAlgorithm": "ghz",
    "averageQubits": 9.0,
    "nameSchedule": "MTMC",
    "typeMachine": {
        "fake_belem": 5,
        "fake_manila": 5
    },
    "average_turnaroundTime": 27008.0,
    "average_responseTime": 14085.333333333334,
    "average_fidelity": 0.8633880602538431,
    "sampling_overhead": 27.0,
    "average_throughput": 9925.333333333334,
    "average_utilization": 0.9004843758664937,
    "scheduler_latency": 0.007292270660400391,
    "makespan": 59552.0
}