{
    "numcircuit": 5,
    "nameAlgorithm": "ghz",
    "averageQubits": 2.0,
    "nameSchedule": "MTMC",
    "typeMachine": {
        "fake_belem": 5,
        "fake_manila": 5
    },
    "average_turnaroundTime": 354.56000000000006,
    "average_responseTime": 72.96000000000001,
    "average_fidelity": 0.8546546606857724,
    "sampling_overhead": 0.0,
    "average_throughput": 145.92000000000002,
    "average_utilization": 0.7,
    "scheduler_latency": 0.0003211498260498047,
    "makespan": 729.6
}