{
    "numcircuit": 6,
    "nameAlgorithm": "ghz",
    "averageQubits": 10.0,
    "nameSchedule": "MTMC",
    "typeMachine": {
        "fake_belem": 5,
        "fake_manila": 5
    },
    "average_turnaroundTime": 42821.333333333336,
    "average_responseTime": 30586.666666666668,
    "average_fidelity": 0.8600174926000624,
    "sampling_overhead": 54.0,
    "average_throughput": 8762.666666666666,
    "average_utilization": 1.0,
    "time_generation": 0.00044727325439453125,
    "makespan": 105152.0
}