{
    "numcircuit": 6,
    "nameAlgorithm": "ghz",
    "averageQubits": 5.0,
    "nameSchedule": "MTMC",
    "typeMachine": {
        "fake_belem": 5,
        "fake_manila": 5
    },
    "average_turnaroundTime": 24469.333333333332,
    "average_responseTime": 12234.666666666666,
    "average_fidelity": 0.7891120188885907,
    "sampling_overhead": 0.0,
    "average_throughput": 8762.666666666666,
    "average_utilization": 1.0,
    "time_generation": 0.0003135204315185547,
    "makespan": 52576.0
}