{
    "numcircuit": 6,
    "nameAlgorithm": "ghz",
    "averageQubits": 6.0,
    "nameSchedule": "MTMC",
    "typeMachine": {
        "fake_belem": 5,
        "fake_manila": 5
    },
    "average_turnaroundTime": 16074.666666666666,
    "average_responseTime": 9917.333333333334,
    "average_fidelity": 0.9161575902543113,
    "sampling_overhead": 54.0,
    "average_throughput": 4394.666666666667,
    "average_utilization": 0.9987864077669902,
    "time_generation": 0.0005061626434326172,
    "makespan": 52736.0
}