{
    "numcircuit": 6,
    "nameAlgorithm": "ghz",
    "averageQubits": 6.0,
    "nameSchedule": "MTMC",
    "typeMachine": {
        "fake_belem": 5,
        "fake_manila": 5
    },
    "average_turnaroundTime": 17237.333333333332,
    "average_responseTime": 11080.0,
    "average_fidelity": 0.9080627550353585,
    "sampling_overhead": 54.0,
    "average_throughput": 4394.666666666667,
    "average_utilization": 0.9987864077669902,
    "scheduler_latency": 0.008492469787597656,
    "makespan": 52736.0
}