{
    "numcircuit": 6,
    "nameAlgorithm": "ghz",
    "averageQubits": 7.0,
    "nameSchedule": "MTMC",
    "typeMachine": {
        "fake_belem": 5,
        "fake_manila": 5
    },
    "average_turnaroundTime": 24365.333333333332,
    "average_responseTime": 15640.0,
    "average_fidelity": 0.914583770125919,
    "sampling_overhead": 54.0,
    "average_throughput": 6810.666666666667,
    "average_utilization": 0.9742556917688265,
    "time_generation": 0.00039505958557128906,
    "makespan": 81728.0
}