{
    "numcircuit": 6,
    "nameAlgorithm": "ghz",
    "averageQubits": 7.0,
    "nameSchedule": "MTMC",
    "typeMachine": {
        "fake_belem": 5,
        "fake_manila": 5
    },
    "average_turnaroundTime": 23202.666666666668,
    "average_responseTime": 14477.333333333334,
    "average_fidelity": 0.8762583594057053,
    "sampling_overhead": 54.0,
    "average_throughput": 6810.666666666667,
    "average_utilization": 0.9742556917688265,
    "scheduler_latency": 0.011511802673339844,
    "makespan": 81728.0
}