{
    "numcircuit": 6,
    "nameAlgorithm": "ghz",
    "averageQubits": 8.0,
    "nameSchedule": "MTMC",
    "typeMachine": {
        "fake_belem": 5,
        "fake_manila": 5
    },
    "average_turnaroundTime": 30581.333333333332,
    "average_responseTime": 22168.0,
    "average_fidelity": 0.8858699670994117,
    "sampling_overhead": 54.0,
    "average_throughput": 5757.333333333333,
    "average_utilization": 0.8799109360089734,
    "scheduler_latency": 0.012958288192749023,
    "makespan": 69088.0
}