{
    "numcircuit": 6,
    "nameAlgorithm": "ghz",
    "averageQubits": 8.0,
    "nameSchedule": "MTMC",
    "typeMachine": {
        "fake_belem": 5,
        "fake_manila": 5
    },
    "average_turnaroundTime": 34069.333333333336,
    "average_responseTime": 25074.666666666668,
    "average_fidelity": 0.8777554537645421,
    "sampling_overhead": 54.0,
    "average_throughput": 6338.666666666667,
    "average_utilization": 0.8842947726961696,
    "time_generation": 0.0004093647003173828,
    "makespan": 76064.0
}