{
    "numcircuit": 7,
    "nameAlgorithm": "ghz",
    "averageQubits": 10.0,
    "nameSchedule": "MTMC",
    "typeMachine": {
        "fake_belem": 5,
        "fake_manila": 5
    },
    "average_turnaroundTime": 54253.71428571428,
    "average_responseTime": 40690.28571428572,
    "average_fidelity": 0.8543707106578416,
    "sampling_overhead": 63.0,
    "average_throughput": 10091.42857142857,
    "average_utilization": 1.0,
    "scheduler_latency": 0.015209197998046875,
    "makespan": 141280.0
}