{
    "numcircuit": 7,
    "nameAlgorithm": "ghz",
    "averageQubits": 3.0,
    "nameSchedule": "MTMC",
    "typeMachine": {
        "fake_belem": 5,
        "fake_manila": 5
    },
    "average_turnaroundTime": 11154.285714285714,
    "average_responseTime": 6363.428571428572,
    "average_fidelity": 0.8662094270587211,
    "sampling_overhead": 0.0,
    "average_throughput": 3145.1428571428573,
    "average_utilization": 0.6,
    "scheduler_latency": 0.009066343307495117,
    "makespan": 22016.0
}