{
    "numcircuit": 7,
    "nameAlgorithm": "ghz",
    "averageQubits": 4.0,
    "nameSchedule": "MTMC",
    "typeMachine": {
        "fake_belem": 5,
        "fake_manila": 5
    },
    "average_turnaroundTime": 31497.14285714286,
    "average_responseTime": 18418.285714285714,
    "average_fidelity": 0.8160909710146048,
    "sampling_overhead": 0.0,
    "average_throughput": 10678.857142857143,
    "average_utilization": 0.8,
    "time_generation": 0.000370025634765625,
    "makespan": 74752.0
}