{
    "numcircuit": 7,
    "nameAlgorithm": "ghz",
    "averageQubits": 4.0,
    "nameSchedule": "MTMC",
    "typeMachine": {
        "fake_belem": 5,
        "fake_manila": 5
    },
    "average_turnaroundTime": 28507.428571428572,
    "average_responseTime": 16425.14285714286,
    "average_fidelity": 0.8170043815240594,
    "sampling_overhead": 0.0,
    "average_throughput": 9682.285714285714,
    "average_utilization": 0.8,
    "scheduler_latency": 0.0072667598724365234,
    "makespan": 67776.0
}