{
    "numcircuit": 7,
    "nameAlgorithm": "ghz",
    "averageQubits": 5.0,
    "nameSchedule": "MTMC",
    "typeMachine": {
        "fake_belem": 5,
        "fake_manila": 5
    },
    "average_turnaroundTime": 31652.571428571428,
    "average_responseTime": 18994.285714285714,
    "average_fidelity": 0.7849079658420349,
    "sampling_overhead": 0.0,
    "average_throughput": 9682.285714285714,
    "average_utilization": 1.0,
    "time_generation": 0.0003535747528076172,
    "makespan": 67776.0
}