{
    "numcircuit": 7,
    "nameAlgorithm": "ghz",
    "averageQubits": 6.0,
    "nameSchedule": "MTMC",
    "typeMachine": {
        "fake_belem": 5,
        "fake_manila": 5
    },
    "average_turnaroundTime": 26384.0,
    "average_responseTime": 19012.571428571428,
    "average_fidelity": 0.9133491754757234,
    "sampling_overhead": 63.0,
    "average_throughput": 5849.142857142857,
    "average_utilization": 0.9994138335287222,
    "scheduler_latency": 0.011404275894165039,
    "makespan": 81888.0
}