{
    "numcircuit": 7,
    "nameAlgorithm": "ghz",
    "averageQubits": 6.0,
    "nameSchedule": "MTMC",
    "typeMachine": {
        "fake_belem": 5,
        "fake_manila": 5
    },
    "average_turnaroundTime": 24889.14285714286,
    "average_responseTime": 18016.0,
    "average_fidelity": 0.9152461675676131,
    "sampling_overhead": 63.0,
    "average_throughput": 5350.857142857143,
    "average_utilization": 0.9993592481845365,
    "scheduler_latency": 0.010582208633422852,
    "makespan": 74912.0
}