{
    "numcircuit": 7,
    "nameAlgorithm": "ghz",
    "averageQubits": 7.0,
    "nameSchedule": "MTMC",
    "typeMachine": {
        "fake_belem": 5,
        "fake_manila": 5
    },
    "average_turnaroundTime": 28772.571428571428,
    "average_responseTime": 20548.571428571428,
    "average_fidelity": 0.9064367133700013,
    "sampling_overhead": 63.0,
    "average_throughput": 6098.285714285715,
    "average_utilization": 0.968407462935199,
    "time_generation": 0.0005362033843994141,
    "makespan": 85376.0
}