{
    "numcircuit": 7,
    "nameAlgorithm": "ghz",
    "averageQubits": 7.0,
    "nameSchedule": "MTMC",
    "typeMachine": {
        "fake_belem": 5,
        "fake_manila": 5
    },
    "average_turnaroundTime": 24786.285714285714,
    "average_responseTime": 17558.85714285714,
    "average_fidelity": 0.8788218251280475,
    "sampling_overhead": 63.0,
    "average_throughput": 5101.714285714285,
    "average_utilization": 0.9659034729946854,
    "scheduler_latency": 0.01244044303894043,
    "makespan": 71424.0
}