{
    "numcircuit": 7,
    "nameAlgorithm": "ghz",
    "averageQubits": 8.0,
    "nameSchedule": "MTMC",
    "typeMachine": {
        "fake_belem": 5,
        "fake_manila": 5
    },
    "average_turnaroundTime": 36278.857142857145,
    "average_responseTime": 27209.14285714286,
    "average_fidelity": 0.8821022493591588,
    "sampling_overhead": 63.0,
    "average_throughput": 6518.857142857143,
    "average_utilization": 0.8777933613838244,
    "scheduler_latency": 0.014753341674804688,
    "makespan": 91264.0
}