{
    "numcircuit": 7,
    "nameAlgorithm": "ghz",
    "averageQubits": 8.0,
    "nameSchedule": "MTMC",
    "typeMachine": {
        "fake_belem": 5,
        "fake_manila": 5
    },
    "average_turnaroundTime": 34784.0,
    "average_responseTime": 26212.571428571428,
    "average_fidelity": 0.881867513942063,
    "sampling_overhead": 63.0,
    "average_throughput": 6020.571428571428,
    "average_utilization": 0.8747985401817424,
    "time_generation": 0.0004601478576660156,
    "makespan": 84288.0
}