{
    "numcircuit": 7,
    "nameAlgorithm": "ghz",
    "averageQubits": 8.0,
    "nameSchedule": "MTMC",
    "typeMachine": {
        "fake_belem": 5,
        "fake_manila": 5
    },
    "average_turnaroundTime": 38272.0,
    "average_responseTime": 29202.285714285714,
    "average_fidelity": 0.883587091329845,
    "sampling_overhead": 63.0,
    "average_throughput": 6518.857142857143,
    "average_utilization": 0.8777933613838244,
    "scheduler_latency": 0.012998104095458984,
    "makespan": 91264.0
}