{
    "numcircuit": 7,
    "nameAlgorithm": "ghz",
    "averageQubits": 9.0,
    "nameSchedule": "MTMC",
    "typeMachine": {
        "fake_belem": 5,
        "fake_manila": 5
    },
    "average_turnaroundTime": 46102.857142857145,
    "average_responseTime": 34950.857142857145,
    "average_fidelity": 0.8617219230962436,
    "sampling_overhead": 63.0,
    "average_throughput": 8098.285714285715,
    "average_utilization": 0.9073846380059525,
    "scheduler_latency": 0.014961004257202148,
    "makespan": 113376.0
}