{
    "numcircuit": 7,
    "nameAlgorithm": "ghz",
    "averageQubits": 9.0,
    "nameSchedule": "MTMC",
    "typeMachine": {
        "fake_belem": 5,
        "fake_manila": 5
    },
    "average_turnaroundTime": 51584.0,
    "average_responseTime": 38937.142857142855,
    "average_fidelity": 0.8568653912396326,
    "sampling_overhead": 63.0,
    "average_throughput": 9593.142857142857,
    "average_utilization": 0.9032635943267147,
    "scheduler_latency": 0.01623988151550293,
    "makespan": 134304.0
}