{
    "numcircuit": 9,
    "nameAlgorithm": "ghz",
    "averageQubits": 10.0,
    "nameSchedule": "MTMC",
    "typeMachine": {
        "fake_belem": 5,
        "fake_manila": 5
    },
    "average_turnaroundTime": 63111.11111111111,
    "average_responseTime": 50488.88888888889,
    "average_fidelity": 0.8545885179718347,
    "sampling_overhead": 81.0,
    "average_throughput": 9150.222222222223,
    "average_utilization": 1.0,
    "scheduler_latency": 0.020934343338012695,
    "makespan": 164704.0
}