{
    "numcircuit": 9,
    "nameAlgorithm": "ghz",
    "averageQubits": 10.0,
    "nameSchedule": "MTMC",
    "typeMachine": {
        "fake_belem": 5,
        "fake_manila": 5
    },
    "average_turnaroundTime": 67374.22222222222,
    "average_responseTime": 53976.88888888889,
    "average_fidelity": 0.8555355575181453,
    "sampling_overhead": 81.0,
    "average_throughput": 9925.333333333334,
    "average_utilization": 1.0,
    "time_generation": 0.0006046295166015625,
    "makespan": 178656.0
}