{
    "numcircuit": 9,
    "nameAlgorithm": "ghz",
    "averageQubits": 5.0,
    "nameSchedule": "MTMC",
    "typeMachine": {
        "fake_belem": 5,
        "fake_manila": 5
    },
    "average_turnaroundTime": 38474.666666666664,
    "average_responseTime": 24618.666666666668,
    "average_fidelity": 0.787150835798889,
    "sampling_overhead": 0.0,
    "average_throughput": 10769.777777777777,
    "average_utilization": 1.0,
    "scheduler_latency": 0.01184225082397461,
    "makespan": 96928.0
}