{
    "numcircuit": 9,
    "nameAlgorithm": "ghz",
    "averageQubits": 6.0,
    "nameSchedule": "MTMC",
    "typeMachine": {
        "fake_belem": 5,
        "fake_manila": 5
    },
    "average_turnaroundTime": 32903.11111111111,
    "average_responseTime": 26318.222222222223,
    "average_fidelity": 0.9141329537588646,
    "sampling_overhead": 81.0,
    "average_throughput": 5006.222222222223,
    "average_utilization": 0.9998224431818181,
    "time_generation": 0.0004944801330566406,
    "makespan": 90112.0
}