{
    "numcircuit": 9,
    "nameAlgorithm": "ghz",
    "averageQubits": 6.0,
    "nameSchedule": "MTMC",
    "typeMachine": {
        "fake_belem": 5,
        "fake_manila": 5
    },
    "average_turnaroundTime": 30577.777777777777,
    "average_responseTime": 23992.88888888889,
    "average_fidelity": 0.9109587627208563,
    "sampling_overhead": 81.0,
    "average_throughput": 5006.222222222223,
    "average_utilization": 0.9998224431818181,
    "scheduler_latency": 0.011774778366088867,
    "makespan": 90112.0
}