{
    "numcircuit": 9,
    "nameAlgorithm": "ghz",
    "averageQubits": 6.0,
    "nameSchedule": "MTMC",
    "typeMachine": {
        "fake_belem": 5,
        "fake_manila": 5
    },
    "average_turnaroundTime": 36391.11111111111,
    "average_responseTime": 29031.11111111111,
    "average_fidelity": 0.9097326485344374,
    "sampling_overhead": 81.0,
    "average_throughput": 5781.333333333333,
    "average_utilization": 0.9998462484624845,
    "scheduler_latency": 0.013915538787841797,
    "makespan": 104064.0
}