{
    "numcircuit": 9,
    "nameAlgorithm": "ghz",
    "averageQubits": 7.0,
    "nameSchedule": "MTMC",
    "typeMachine": {
        "fake_belem": 5,
        "fake_manila": 5
    },
    "average_turnaroundTime": 35946.666666666664,
    "average_responseTime": 28039.11111111111,
    "average_fidelity": 0.9104651780925073,
    "sampling_overhead": 81.0,
    "average_throughput": 5587.555555555556,
    "average_utilization": 0.9682119726010365,
    "time_generation": 0.000514984130859375,
    "makespan": 100576.0
}