{
    "numcircuit": 9,
    "nameAlgorithm": "ghz",
    "averageQubits": 7.0,
    "nameSchedule": "MTMC",
    "typeMachine": {
        "fake_belem": 5,
        "fake_manila": 5
    },
    "average_turnaroundTime": 33621.333333333336,
    "average_responseTime": 26101.333333333332,
    "average_fidelity": 0.884251179347441,
    "sampling_overhead": 81.0,
    "average_throughput": 5200.0,
    "average_utilization": 0.9679416445623342,
    "scheduler_latency": 0.015032052993774414,
    "makespan": 93600.0
}