{
    "numcircuit": 9,
    "nameAlgorithm": "ghz",
    "averageQubits": 8.0,
    "nameSchedule": "MTMC",
    "typeMachine": {
        "fake_belem": 5,
        "fake_manila": 5
    },
    "average_turnaroundTime": 41260.444444444445,
    "average_responseTime": 32853.333333333336,
    "average_fidelity": 0.8827577690499271,
    "sampling_overhead": 81.0,
    "average_throughput": 5832.888888888889,
    "average_utilization": 0.8751886384187546,
    "scheduler_latency": 0.01898360252380371,
    "makespan": 104992.0
}