{
    "numcircuit": 9,
    "nameAlgorithm": "ghz",
    "averageQubits": 9.0,
    "nameSchedule": "MTMC",
    "typeMachine": {
        "fake_belem": 5,
        "fake_manila": 5
    },
    "average_turnaroundTime": 59128.88888888889,
    "average_responseTime": 47690.666666666664,
    "average_fidelity": 0.8537900857599916,
    "sampling_overhead": 81.0,
    "average_throughput": 8375.111111111111,
    "average_utilization": 0.9042578753643717,
    "scheduler_latency": 0.02193140983581543,
    "makespan": 150752.0
}