{
    "numcircuit": 9,
    "nameAlgorithm": "ghz",
    "averageQubits": 9.0,
    "nameSchedule": "MTMC",
    "typeMachine": {
        "fake_belem": 5,
        "fake_manila": 5
    },
    "average_turnaroundTime": 66104.88888888889,
    "average_responseTime": 53116.444444444445,
    "average_fidelity": 0.8556597866553864,
    "sampling_overhead": 81.0,
    "average_throughput": 9925.333333333334,
    "average_utilization": 0.9034704681912558,
    "scheduler_latency": 0.0200803279876709,
    "makespan": 178656.0
}