{
    "numcircuit": 3,
    "nameAlgorithm": "ghz",
    "averageQubits": 6.0,
    "nameSchedule": "FFD",
    "typeMachine": {},
    "average_turnaroundTime": 63.333333333333336,
    "average_responseTime": 33.333333333333336,
    "average_fidelity": 0.9154530462567944,
    "sampling_overhead": 27.0,
    "average_throughput": 0.06,
    "average_utilization": 0.9666666666666668,
    "time_generation": 0.00041937828063964844,
    "makespan": 100.0
}