{
    "numcircuit": 3,
    "nameAlgorithm": "ghz",
    "averageQubits": 7.0,
    "nameSchedule": "FFD",
    "typeMachine": {},
    "average_turnaroundTime": 71.66666666666667,
    "average_responseTime": 36.666666666666664,
    "average_fidelity": 0.9133515495302592,
    "sampling_overhead": 27.0,
    "average_throughput": 0.06,
    "average_utilization": 0.9111111111111111,
    "time_generation": 0.0003838539123535156,
    "makespan": 100.0
}