{
    "numcircuit": 3,
    "nameAlgorithm": "ghz",
    "averageQubits": 9.0,
    "nameSchedule": "FFD",
    "typeMachine": {},
    "average_turnaroundTime": 93.33333333333333,
    "average_responseTime": 48.333333333333336,
    "average_fidelity": 0.8646836475618284,
    "sampling_overhead": 27.0,
    "average_throughput": 0.04285714285714286,
    "average_utilization": 0.9098901098901099,
    "time_generation": 0.0004215240478515625,
    "makespan": 140.0
}