{
    "numcircuit": 3,
    "nameAlgorithm": "ghz",
    "averageQubits": 5.0,
    "nameSchedule": "MTMC",
    "typeMachine": {
        "fake_belem": 5,
        "fake_manila": 5
    },
    "average_turnaroundTime": 6.666666666666667,
    "average_responseTime": 1.6666666666666667,
    "average_fidelity": 0.7819887995538605,
    "sampling_overhead": 0.0,
    "average_throughput": 3.3333333333333335,
    "average_utilization": 1.0,
    "time_generation": 0.00025391578674316406,
    "makespan": 10.0
}