{
    "numcircuit": 9,
    "nameAlgorithm": "ghz",
    "averageQubits": 2.0,
    "nameSchedule": "MTMC",
    "typeMachine": {
        "fake_belem": 5,
        "fake_manila": 5
    },
    "average_turnaroundTime": 3.3333333333333335,
    "average_responseTime": 1.3333333333333333,
    "average_fidelity": 0.9274217828245506,
    "sampling_overhead": 0.0,
    "average_throughput": 0.6666666666666666,
    "average_utilization": 0.7333333333333333,
    "time_generation": 0.0002932548522949219,
    "makespan": 6.0
}