{
    "numcircuit": 9,
    "nameAlgorithm": "ghz",
    "averageQubits": 6.0,
    "nameSchedule": "MTMC",
    "typeMachine": {
        "fake_belem": 5,
        "fake_manila": 5
    },
    "average_turnaroundTime": 11.11111111111111,
    "average_responseTime": 8.11111111111111,
    "average_fidelity": 0.9138878667534074,
    "sampling_overhead": 81.0,
    "average_throughput": 1.4444444444444444,
    "average_utilization": 0.9952380952380953,
    "time_generation": 0.0004608631134033203,
    "makespan": 26.0
}