dataset,score,final_score
FFD,29457.777777777777,0.0
MILQ,22659.555555555555,1.0
MTMC,27945.76842105263,0.22241246421493055
NoTaDS,26927.75333333333,0.37215971495815936
