dataset,score,final_score
FFD,12.5,0.7872340425531915
MILQ,10.0,1.0
MTMC,11.842105263157896,0.843225083986562
NoTaDS,21.75,0.0
