dataset,score,final_score
FFD,7360.888888888889,1.0
MILQ,7151.111111111111,0.6909311876623927
MTMC,6889.364210526316,0.30529547088742814
NoTaDS,6682.147555555555,0.0
