dataset,score,final_score
MTMC,0.822956538630561,1.0
FFD,0.6125170611035816,0.7442884676787905
MILQ,0.6006464420614068,0.7298641105165908
NoTaDS,0.34611793193730456,0.42057862801996976
