dataset,score,final_score
MTMC,0.8085701275108387,1.0
FFD,0.5991326606008351,0.7409779810258992
MILQ,0.5161730116571597,0.6383775433878375
NoTaDS,0.48346866477725847,0.597930406191982
