dataset,score,final_score
FFD,0.9596042742548829,1.0
MTMC,0.8114159255474804,0.8455734799405011
NoTaDS,0.022456973766891812,0.02340232778176117
MILQ,0.009897199324552712,0.01031383413984658
