dataset,score,final_score
FFD,0.9599620386886978,1.0
MTMC,0.9417046558533504,0.9809811408164776
NoTaDS,0.8617556586393277,0.8976976421030988
MILQ,0.8343220272793143,0.8691198127157121
