dataset,score,final_score
FFD,0.9760103699247361,1.0
MTMC,0.9573114393173522,0.9808414631815583
MILQ,0.8971154248343017,0.9191658741325481
NoTaDS,0.8198868197095845,0.8400390456638377
