dataset,score,final_score
MILQ,0.9685971734152972,1.0
FFD,0.9653962832741517,0.9966953340057156
MTMC,0.9148682735426009,0.9445291589245023
NoTaDS,0.8398556582354646,0.8670845644470685
