dataset,score,final_score
NoTaDS,0.7418321074877586,1.0
MTMC,0.6598898256191081,0.8895406641994089
MILQ,0.5653632342329206,0.7621175041176684
FFD,0.5558760113978962,0.7493285957659483
