dataset,score,final_score
FFD,1.0,1.0
MILQ,1.0,1.0
MTMC,1.0,1.0
NoTaDS,0.5555555555555556,0.5555555555555556
