dataset,score,final_score
NoTaDS,0.9917518351885265,1.0
MILQ,0.9433841002221666,0.9512300020527157
FFD,0.9428078312273027,0.9506489403652882
MTMC,0.9402232051022327,0.9480428185177006
