dataset,score,final_score
NoTaDS,0.7313080689426286,1.0
MTMC,0.6805317290919375,0.930567783938024
FFD,0.6645815340560036,0.9087572833934372
MILQ,0.4821291012901003,0.6592694949847785
