dataset,score,final_score
NoTaDS,0.7313080689426286,1.0
MTMC,0.5981475769375367,0.8179146413663619
FFD,0.5788159675034183,0.7914803515573225
MILQ,0.39814263694939955,0.5444253302511203
