dataset,score,final_score
NoTaDS,0.7417005484068846,1.0
MILQ,0.596049363742864,0.8036253512595237
FFD,0.5904496891018903,0.7960755730464681
MTMC,0.5719444808343608,0.7711258702219559
