dataset,score,final_score
NoTaDS,0.9189806648718059,1.0
FFD,0.5695756751874461,0.619790706115563
MTMC,0.5426794679800013,0.5905232707542362
MILQ,0.4828934688059421,0.525466407797931
