dataset,score,final_score
FFD,7961.777777777777,0.41273462289981866
MILQ,4728.0,1.0
MTMC,5498.5768421052635,0.8600605450153749
NoTaDS,10234.501666666667,0.0
