dataset,score,final_score
FFD,21013.333333333332,0.0
MILQ,18457.777777777777,0.6988441876749105
MTMC,17541.468070175437,0.9494189450406467
NoTaDS,17356.501666666667,1.0
