dataset,score,final_score
NoTaDS,0.7171911501596587,1.0
MTMC,0.6104384587406905,0.8511516889253258
FFD,0.5325685187398691,0.7425754188702837
MILQ,0.4913824758363633,0.685148548928655
