dataset,score,final_score
NoTaDS,0.9927751274666313,1.0
MTMC,0.9413091909537763,0.9481595226461947
MILQ,0.9373808533108305,0.9442025967177923
FFD,0.937157495800967,0.9439776137345527
