dataset,score,final_score
MTMC,0.9626712328767123,1.0
MILQ,0.599276980329612,0.6225146860770071
FFD,0.5562664329982282,0.5778363516025707
NoTaDS,0.09863366887214611,0.10245831131507174
