dataset,score,final_score
NoTaDS,0.7417005484068846,1.0
MILQ,0.6872183674554085,0.9265442353136997
FFD,0.6732277449059433,0.9076813362912896
MTMC,0.6670111706814336,0.8992998213552922