dataset,score,final_score
FFD,0.0003386868370903863,1.0
MILQ,11.115172518624199,0.0
MTMC,0.0016748403248034026,0.9998797864630335
NoTaDS,0.09126826127370198,0.9918190792761504
