dataset,score,final_score
FFD,0.9924069089287789,1.0
MTMC,0.7821464393737618,0.7881307882247859
NoTaDS,0.01329460478271796,0.013396324293095042
MILQ,0.012190851005187735,0.012284125488754153
