dataset,score,final_score
NoTaDS,0.8517611620327256,1.0
MTMC,0.6072693054494143,0.712957261399625
FFD,0.5180478472675761,0.6082078760567768
MILQ,0.47963183035305407,0.5631060110893223
