dataset,score,final_score
NoTaDS,0.983433913314576,1.0
MILQ,0.9416986315426187,0.9575616813627138
MTMC,0.9407079821259373,0.9565543443131479
FFD,0.9376467039966623,0.9534414985104672
