dataset,score,final_score
FFD,0.8683274256917832,0.05284588752389181
MILQ,0.8675706907128506,0.041554539315251944
MTMC,0.864785746625375,0.0
NoTaDS,0.9318047566629494,1.0
