dataset,score,final_score
NoTaDS,0.9189806648718059,1.0
FFD,0.5258560588814273,0.5722166733015891
MTMC,0.4965613615859283,0.5403392917469015
MILQ,0.43925380904927186,0.4779793806766827
