dataset,score,final_score
FFD,1.0,1.0
MTMC,0.3079290036917589,0.3079290036917589
NoTaDS,0.004382701006057538,0.004382701006057538
MILQ,0.00034450300478456914,0.00034450300478456914
