dataset,score,final_score
FFD,0.8725103166653996,0.9082816082833783
MILQ,0.8882127885647867,1.0
MTMC,0.844951511702973,0.747310183848957
NoTaDS,0.7170097004436783,0.0
