dataset,final_rank,normalized_score
FFD,4.0,1.9078947368421053
MILQ,2.0,1.2467105263157894
MTMC,3.0,1.894736842105263
NoTaDS,1.0,1.0
