dataset,final_rank,normalized_score
FFD,3.0,1.0286458333333333
MILQ,2.0,1.0130208333333333
MTMC,1.0,1.0
NoTaDS,4.0,1.4453125
