dataset,final_rank,normalized_score
FFD,4.0,3.2233502538071064
MILQ,1.0,1.0
MTMC,3.0,2.532994923857868
NoTaDS,2.0,1.467005076142132
