dataset,final_rank,normalized_score
FFD,1.0,1.0
MILQ,2.0,1.1666666666666667
MTMC,4.0,1.278688524590164
NoTaDS,3.0,1.1775956284153006
