dataset,final_rank,normalized_score
FFD,1.0,1.0
MILQ,2.0,1.2254335260115607
MTMC,3.0,1.2976878612716762
NoTaDS,4.0,1.329479768786127
