dataset,final_rank,normalized_score
FFD,1.0,1.0
MILQ,2.0,1.0078328981723237
MTMC,3.0,1.0757180156657964
NoTaDS,4.0,1.1462140992167102
